,beds,baths,size,size_units,lot_size,lot_size_units,zip_code,price
0,5,3.5,2438.7,sqft,5468.3,sqft,98144,754767.6
1,6,3.0,2162.4,sqft,0.3,acre,98106,882395.8
2,5,4.0,1923.2,sqft,3508.1,sqft,98107,906536.3
3,6,5.0,3729.2,sqft,5080.2,sqft,98199,1850627.0
4,3,4.0,1090.3,sqft,0.9,acre,98107,709016.5
5,3,3.0,623.4,sqft,5725.9,sqft,98133,432116.1
6,6,4.5,4293.4,sqft,5756.5,sqft,98105,3087817.6
7,5,3.5,1484.7,sqft,701.8,sqft,98108,557502.3
8,6,3.0,2179.8,sqft,9199.3,sqft,98178,653222.3
9,5,4.0,1219.8,sqft,1250.5,sqft,98103,873158.5
10,5,4.0,1630.0,sqft,3662.4,sqft,98177,994980.6
11,4,3.5,2425.1,sqft,5682.0,sqft,98103,889895.4
12,6,4.0,2475.6,sqft,6027.8,sqft,98115,1485771.9
13,6,2.5,2435.7,sqft,4715.8,sqft,98199,1205503.0
14,5,3.5,2885.1,sqft,3801.4,sqft,98119,1697559.7
15,5,5.5,1934.2,sqft,1531.6,sqft,98117,958735.1
16,4,3.0,1291.0,sqft,1051.4,sqft,98199,834923.9
17,5,4.0,2530.1,sqft,5194.9,sqft,98116,1178944.1
18,4,2.0,760.8,sqft,4837.0,sqft,98133,499012.6
19,5,3.5,1197.6,sqft,8606.2,sqft,98146,606404.8
20,6,4.5,3053.4,sqft,9083.9,sqft,98133,1161072.0
21,4,2.5,805.2,sqft,0.2,acre,98103,651163.2
22,4,3.0,3030.2,sqft,4692.8,sqft,98117,1201429.1
23,6,3.0,1843.0,sqft,7720.9,sqft,98125,859087.9
24,4,3.5,1625.5,sqft,1629.7,sqft,98108,702095.6
25,5,7.5,2777.6,sqft,5076.1,sqft,98126,1439006.7
26,4,4.0,1502.3,sqft,1307.5,sqft,98115,894000.9
27,3,3.0,790.4,sqft,0.3,acre,98119,408998.4
28,5,2.5,1916.2,sqft,7967.3,sqft,98118,468879.4
29,5,4.0,1741.7,sqft,3202.7,sqft,98146,768846.3
30,7,7.0,2316.1,sqft,0.2,acre,98133,955524.1
31,4,4.5,1384.3,sqft,1015.6,sqft,98103,997620.6
32,6,5.0,2824.9,sqft,6084.3,sqft,98133,890487.6
33,4,4.0,2670.3,sqft,5738.5,sqft,98103,878061.6
34,3,3.0,561.7,sqft,0.5,acre,98109,434601.7
35,4,4.0,1197.3,sqft,2947.8,sqft,98112,744967.0
36,4,2.0,1179.4,sqft,4805.5,sqft,98126,689200.8
37,6,3.5,2189.1,sqft,3778.2,sqft,98106,970857.6
38,7,5.5,3502.7,sqft,0.3,acre,98136,2181713.1
39,6,4.5,2341.1,sqft,2693.2,sqft,98115,1473719.7
40,5,5.0,2207.3,sqft,6311.7,sqft,98117,1688588.9
41,3,2.0,657.3,sqft,6901.9,sqft,98177,563684.5
42,4,3.0,2411.6,sqft,5753.5,sqft,98126,791162.9
43,5,3.0,1494.5,sqft,6178.6,sqft,98199,1000102.4
44,3,2.0,730.7,sqft,2940.9,sqft,98103,689099.2
45,7,5.0,2669.6,sqft,5891.6,sqft,98136,791057.9
46,7,4.0,2783.6,sqft,3474.3,sqft,98112,1390230.6
47,3,4.0,999.0,sqft,4998.4,sqft,98122,764998.1
48,5,4.0,1562.1,sqft,7406.8,sqft,98125,541631.6
49,5,4.5,1392.9,sqft,7567.6,sqft,98105,792918.5
50,4,3.5,1281.6,sqft,1021.0,sqft,98122,704016.6
51,5,7.5,3812.9,sqft,8515.5,sqft,98105,5000086.0
52,7,5.0,2232.6,sqft,0.3,acre,98168,537079.0
53,7,5.0,2746.0,sqft,5873.7,sqft,98136,821192.8
54,4,2.0,1010.0,sqft,3468.8,sqft,98117,527673.1
55,6,4.0,2050.8,sqft,4716.2,sqft,98117,925194.9
56,5,3.5,2493.6,sqft,4003.3,sqft,98119,1181360.8
57,4,4.0,1227.6,sqft,1227.7,sqft,98103,709126.7
58,4,4.0,2603.2,sqft,6399.4,sqft,98103,1458381.4
59,6,4.5,2004.9,sqft,0.9,acre,98117,1462064.4
60,4,3.0,2177.5,sqft,6617.5,sqft,98178,836654.6
61,6,3.5,2543.6,sqft,6959.2,sqft,98115,1827630.7
62,5,2.5,1250.1,sqft,4676.2,sqft,98106,586978.2
63,8,5.5,8102.2,sqft,0.3,acre,98102,3962788.3
64,5,2.0,1773.6,sqft,0.3,acre,98168,500038.9
65,4,2.0,805.9,sqft,6097.1,sqft,98118,514292.2
66,5,5.5,1392.4,sqft,1212.7,sqft,98103,601052.4
67,5,3.0,1066.8,sqft,5948.0,sqft,98106,571100.4
68,5,4.5,2381.9,sqft,0.2,acre,98146,1532458.8
69,4,6.0,2164.7,sqft,881.7,sqft,98109,1587832.1
70,5,3.0,1403.8,sqft,0.9,acre,98144,840735.4
71,5,4.5,2549.7,sqft,3225.9,sqft,98118,968591.3
72,3,3.5,1717.9,sqft,6560.0,sqft,98115,840320.5
73,2,3.0,574.9,sqft,0.5,acre,98109,342660.7
74,4,7.5,1478.9,sqft,1281.6,sqft,98103,589706.2
75,4,2.0,809.4,sqft,4970.8,sqft,98118,470432.8
76,4,4.0,1837.1,sqft,4563.2,sqft,98105,866268.7
77,5,4.0,1966.5,sqft,0.2,acre,98133,732996.8
78,5,5.5,2720.9,sqft,3930.6,sqft,98106,912155.9
79,5,2.0,2016.5,sqft,4659.6,sqft,98105,1145609.0
80,4,4.5,1676.9,sqft,3.7,acre,98118,657422.5
81,5,6.0,2786.2,sqft,3928.3,sqft,98119,1429368.3
82,4,4.0,1742.3,sqft,6101.6,sqft,98118,912229.9
83,5,5.0,1392.1,sqft,490.8,sqft,98117,720752.6
84,5,4.0,2230.4,sqft,4930.3,sqft,98119,1366436.8
85,6,5.5,2859.4,sqft,7458.0,sqft,98117,1713337.5
86,6,6.0,2950.8,sqft,5431.3,sqft,98119,1522404.3
87,5,2.0,1030.8,sqft,3502.8,sqft,98106,367984.9
88,5,4.0,1611.3,sqft,4608.6,sqft,98199,842814.0
89,5,4.5,2464.2,sqft,7692.9,sqft,98136,1029564.2
90,3,2.5,2650.7,sqft,5615.4,sqft,98102,1098198.9
91,5,3.5,2442.9,sqft,4658.1,sqft,98115,1502206.9
92,11,6.0,3545.2,sqft,5796.3,sqft,98116,1244651.2
93,6,3.0,1854.4,sqft,5604.7,sqft,98168,589481.9
94,3,2.0,745.0,sqft,0.2,acre,98133,352547.7
95,5,5.5,2422.4,sqft,3725.4,sqft,98108,1121111.9
96,6,5.0,2066.2,sqft,5013.1,sqft,98115,1086887.1
97,6,3.5,1905.0,sqft,4513.2,sqft,98116,936745.2
98,4,5.5,1272.4,sqft,951.6,sqft,98117,670092.4
99,2,3.0,680.5,sqft,4.0,acre,98115,314279.2
100,3,4.0,1745.3,sqft,9156.2,sqft,98125,763660.3
101,5,5.5,2748.5,sqft,0.4,acre,98177,1348082.4
102,7,9.5,2990.4,sqft,4089.2,sqft,98115,1541301.2
103,4,3.0,1087.9,sqft,517.3,sqft,98115,694533.9
104,3,3.5,1415.3,sqft,852.1,sqft,98105,840037.3
105,3,3.0,1444.9,sqft,4436.6,sqft,98126,656778.7
106,3,3.0,855.9,sqft,609.0,sqft,98107,529014.1
107,5,4.5,1877.1,sqft,1504.6,sqft,98115,827969.7
108,5,4.5,1439.6,sqft,1251.0,sqft,98117,810175.9
109,4,4.0,1657.2,sqft,4584.2,sqft,98122,1150427.2
110,6,4.0,2013.7,sqft,5711.5,sqft,98125,868415.6
111,4,2.5,1229.5,sqft,1229.2,sqft,98115,779647.9
112,3,3.0,581.1,sqft,0.2,acre,98146,431105.6
113,5,4.0,1739.0,sqft,2899.7,sqft,98144,893028.8
114,3,2.5,1255.3,sqft,3075.6,sqft,98133,549386.9
115,4,3.0,1040.0,sqft,1.5,acre,98119,594565.8
116,7,5.0,2739.0,sqft,4601.2,sqft,98103,1248744.8
117,6,4.5,2342.1,sqft,3109.9,sqft,98109,1578884.5
118,4,4.5,2564.3,sqft,3809.6,sqft,98109,1570096.4
119,4,4.5,1642.2,sqft,1585.0,sqft,98117,791150.1
120,4,4.0,1468.1,sqft,2186.6,sqft,98126,711773.3
121,5,2.0,1560.5,sqft,2557.6,sqft,98122,495434.4
122,5,2.0,1138.6,sqft,5408.8,sqft,98105,1073904.0
123,6,5.0,1892.0,sqft,4758.1,sqft,98144,880256.1
124,5,3.0,2343.6,sqft,4445.2,sqft,98126,1141462.9
125,4,3.5,1550.1,sqft,3585.3,sqft,98117,772733.4
126,3,3.0,776.5,sqft,0.2,acre,98121,616233.0
127,4,3.0,1534.6,sqft,8420.2,sqft,98106,693193.4
128,4,2.0,829.6,sqft,3791.6,sqft,98108,471877.7
129,6,3.5,2819.5,sqft,8098.4,sqft,98168,513654.4
130,3,2.5,945.6,sqft,1430.9,sqft,98106,522611.5
131,4,4.0,1510.2,sqft,5413.0,sqft,98168,587410.8
132,4,4.0,1728.3,sqft,4046.1,sqft,98126,731441.9
133,6,3.5,2902.4,sqft,4534.1,sqft,98115,1372995.3
134,7,4.5,3477.4,sqft,6987.8,sqft,98118,1221602.1
135,4,4.5,2248.6,sqft,6729.8,sqft,98115,1427158.5
136,5,4.5,2050.9,sqft,9327.7,sqft,98117,949089.8
137,4,3.0,952.7,sqft,5461.8,sqft,98118,653308.8
138,4,3.5,1116.4,sqft,1.0,acre,98144,637790.9
139,5,5.0,2200.0,sqft,9391.3,sqft,98178,1185150.4
140,7,5.0,3000.2,sqft,5177.3,sqft,98122,2018317.3
141,6,5.0,3545.7,sqft,4560.0,sqft,98107,1426527.5
142,3,3.0,1685.8,sqft,4942.8,sqft,98116,941594.1
143,4,3.0,1170.6,sqft,796.3,sqft,98136,680000.8
144,4,3.0,1376.7,sqft,3334.8,sqft,98117,683008.7
145,6,4.5,3681.3,sqft,0.3,acre,98125,3034262.2
146,7,6.0,3465.9,sqft,5256.6,sqft,98119,1353390.5
147,5,2.5,1307.4,sqft,6218.8,sqft,98178,637321.0
148,4,5.0,1728.9,sqft,0.3,acre,98101,2300294.5
149,6,4.0,2333.7,sqft,4831.6,sqft,98115,1237622.5
150,5,4.5,2094.0,sqft,4898.0,sqft,98106,812619.6
151,7,4.0,2885.0,sqft,0.7,acre,98178,749083.7
152,6,5.0,3080.8,sqft,0.4,acre,98168,714242.9
153,4,3.0,1636.3,sqft,4231.6,sqft,98115,690258.4
154,6,4.0,1970.9,sqft,6797.9,sqft,98178,622952.2
155,3,3.0,814.1,sqft,5955.7,sqft,98126,450766.8
156,5,5.5,3714.0,sqft,6612.4,sqft,98144,2306233.1
157,6,4.5,3058.5,sqft,6135.4,sqft,98115,1471046.3
158,2,2.0,603.1,sqft,0.3,acre,98133,265596.0
159,5,3.0,1794.6,sqft,4927.3,sqft,98106,620645.9
160,5,3.5,1408.2,sqft,1852.3,sqft,98118,807314.0
161,7,5.5,3296.1,sqft,0.2,acre,98106,922016.1
162,5,4.0,2357.9,sqft,3259.0,sqft,98119,1232779.8
163,4,3.5,1040.0,sqft,1.0,acre,98144,657069.3
164,4,3.0,1085.4,sqft,682.9,sqft,98103,692341.9
165,4,4.0,1838.6,sqft,4693.8,sqft,98199,413784.3
166,4,2.0,1728.2,sqft,4244.5,sqft,98116,660444.8
167,6,5.0,1600.4,sqft,2847.3,sqft,98117,816182.0
168,4,4.0,1105.4,sqft,888.6,sqft,98103,697094.5
169,5,5.0,2138.3,sqft,3356.1,sqft,98105,1337474.2
170,4,3.5,2259.8,sqft,4636.4,sqft,98117,1027962.9
171,5,6.0,2502.3,sqft,5537.5,sqft,98103,952948.5
172,7,6.0,3838.7,sqft,4907.3,sqft,98105,2558835.2
173,6,4.0,2619.5,sqft,9694.1,sqft,98177,1291421.3
174,4,3.0,906.4,sqft,3987.2,sqft,98107,844478.8
175,6,6.5,2223.1,sqft,4855.8,sqft,98105,1756775.7
176,3,3.0,1073.5,sqft,2498.3,sqft,98117,573376.3
177,6,4.5,1792.0,sqft,2939.8,sqft,98103,1190802.7
178,4,4.0,1070.6,sqft,0.9,acre,98121,1053768.1
179,5,4.0,2246.4,sqft,3754.5,sqft,98105,2015125.9
180,3,4.0,1026.6,sqft,4995.1,sqft,98133,611398.1
181,4,2.5,1083.9,sqft,5686.9,sqft,98122,674905.4
182,4,4.0,1336.5,sqft,1897.9,sqft,98136,724332.8
183,5,4.0,1474.3,sqft,3934.7,sqft,98117,701369.6
184,5,4.5,1362.1,sqft,2130.9,sqft,98106,542326.9
185,16,7.0,10293.0,sqft,0.3,acre,98112,3502560.8
186,6,3.0,1683.2,sqft,4686.4,sqft,98105,924867.4
187,5,4.5,3552.5,sqft,4031.3,sqft,98103,1584709.7
188,6,4.0,1952.8,sqft,5972.7,sqft,98118,564873.6
189,4,3.0,1415.0,sqft,6419.3,sqft,98115,922887.4
190,4,4.5,1010.8,sqft,5144.4,sqft,98107,772363.8
191,3,3.0,1434.0,sqft,5214.3,sqft,98115,381124.2
192,5,4.0,1267.0,sqft,2648.4,sqft,98117,782197.6
193,4,3.0,975.9,sqft,4301.1,sqft,98116,722088.2
194,4,3.0,1085.9,sqft,5774.1,sqft,98144,591602.6
195,2,2.0,724.0,sqft,1.0,acre,98116,469621.4
196,5,4.5,1895.3,sqft,6784.0,sqft,98106,770649.4
197,6,7.5,2764.5,sqft,4864.2,sqft,98115,1664053.9
198,6,4.0,1116.9,sqft,4285.9,sqft,98117,876444.3
199,4,3.0,1751.0,sqft,2895.6,sqft,98199,974209.7
200,3,4.0,2152.5,sqft,5564.3,sqft,98126,520102.7
201,4,5.0,1217.5,sqft,875.3,sqft,98107,726964.0
202,5,3.0,1351.3,sqft,4920.6,sqft,98106,564856.6
203,4,3.5,2309.2,sqft,4138.7,sqft,98117,1630034.8
204,5,3.5,1432.2,sqft,985.7,sqft,98122,836587.9
205,6,4.0,2426.3,sqft,6366.5,sqft,98106,853057.5
206,5,3.5,1392.1,sqft,1029.2,sqft,98106,515072.4
207,2,3.0,592.1,sqft,0.3,acre,98104,340368.1
208,6,5.0,2085.6,sqft,4995.6,sqft,98126,796612.2
209,3,3.0,875.0,sqft,5886.0,sqft,98133,571438.2
210,7,3.5,2726.8,sqft,0.2,acre,98106,727221.2
211,5,5.5,2707.3,sqft,3728.7,sqft,98112,856404.7
212,4,2.0,2516.9,sqft,8259.2,sqft,98125,763318.3
213,4,4.5,1506.3,sqft,1532.8,sqft,98122,849330.8
214,3,4.0,1210.3,sqft,3.7,acre,98168,305367.4
215,4,3.5,1126.5,sqft,1247.7,sqft,98144,714582.7
216,7,3.5,2557.1,sqft,5841.8,sqft,98126,928399.9
217,5,2.5,3121.2,sqft,5038.5,sqft,98199,1599582.5
218,6,5.0,2267.3,sqft,4235.4,sqft,98115,1383163.4
219,3,3.5,1848.5,sqft,0.3,acre,98116,905469.1
220,4,4.5,1548.9,sqft,1150.7,sqft,98117,846695.2
221,3,3.0,1174.4,sqft,761.5,sqft,98107,725106.9
222,5,4.0,1041.0,sqft,2110.2,sqft,98105,796491.9
223,4,5.0,1126.8,sqft,6189.1,sqft,98117,803132.5
224,3,2.0,819.3,sqft,4313.6,sqft,98122,689306.8
225,6,4.0,1505.6,sqft,5314.8,sqft,98118,502288.7
226,4,5.0,2352.0,sqft,4833.6,sqft,98136,1203783.7
227,5,3.0,2992.3,sqft,3984.6,sqft,98112,2501203.9
228,4,4.5,1361.6,sqft,2747.0,sqft,98119,1147275.8
229,5,3.0,2834.2,sqft,8004.7,sqft,98115,1337852.5
230,4,5.0,1082.2,sqft,607.3,sqft,98144,608304.1
231,2,2.0,480.7,sqft,3875.5,sqft,98168,358531.6
232,5,4.0,1536.6,sqft,6068.8,sqft,98126,860359.4
233,6,5.0,2279.4,sqft,7108.9,sqft,98133,862893.8
234,3,3.0,2247.2,sqft,5462.5,sqft,98199,1398026.7
235,5,3.5,1369.2,sqft,4544.4,sqft,98136,727874.6
236,5,3.0,2297.8,sqft,6931.6,sqft,98115,900941.3
237,6,2.5,2023.0,sqft,5971.1,sqft,98125,642419.0
238,6,4.0,2848.5,sqft,4182.5,sqft,98105,1031160.4
239,4,3.5,1355.2,sqft,8616.1,sqft,98168,379117.7
240,4,2.0,684.6,sqft,3888.4,sqft,98106,477123.2
241,5,3.5,1828.3,sqft,2685.4,sqft,98108,933246.8
242,5,5.5,1576.8,sqft,1274.3,sqft,98126,715194.5
243,3,3.0,935.0,sqft,0.3,acre,98106,378893.7
244,4,3.0,1518.4,sqft,856.2,sqft,98109,1406013.2
245,4,3.5,1711.7,sqft,1417.4,sqft,98103,1204328.1
246,4,3.0,1032.6,sqft,1134.7,sqft,98122,635109.4
247,5,3.0,2142.3,sqft,8970.1,sqft,98177,931968.4
248,4,3.0,1444.1,sqft,4445.8,sqft,98117,809788.4
249,6,5.0,3728.6,sqft,7287.1,sqft,98116,1425073.3
250,5,5.5,2351.3,sqft,2180.3,sqft,98119,1732719.8
251,6,5.0,2605.4,sqft,6537.7,sqft,98125,1206116.7
252,3,4.0,1083.2,sqft,554.7,sqft,98144,605844.2
253,5,3.0,1400.2,sqft,2210.7,sqft,98103,889013.8
254,4,6.5,1220.7,sqft,1206.0,sqft,98144,617438.3
255,3,3.0,2050.8,sqft,5156.7,sqft,98116,857712.5
256,5,3.5,1516.5,sqft,6017.3,sqft,98115,839374.5
257,4,3.0,1742.5,sqft,2077.1,sqft,98122,1244713.8
258,5,4.0,1740.9,sqft,3748.3,sqft,98106,673462.8
259,4,3.5,1628.9,sqft,1398.0,sqft,98107,936471.0
260,5,3.5,3081.4,sqft,5248.0,sqft,98102,1682279.7
261,5,4.5,3262.7,sqft,3708.8,sqft,98109,2644317.0
262,3,3.0,587.8,sqft,4639.4,sqft,98133,230770.8
263,7,3.0,1660.9,sqft,4946.6,sqft,98118,614187.8
264,4,3.0,695.3,sqft,2767.8,sqft,98144,235263.2
265,5,3.5,2486.3,sqft,4750.1,sqft,98117,1103796.6
266,5,3.0,2036.4,sqft,4710.0,sqft,98107,953172.7
267,5,4.5,2827.8,sqft,4978.3,sqft,98199,1665930.1
268,4,3.0,1072.8,sqft,0.3,acre,98178,373677.4
269,5,5.0,3066.9,sqft,4656.0,sqft,98107,1099564.3
270,5,3.5,2068.3,sqft,4799.9,sqft,98117,1019517.6
271,4,2.0,831.5,sqft,8136.0,sqft,98112,561172.1
272,5,4.0,1404.1,sqft,4798.3,sqft,98106,769221.1
273,6,3.0,1567.9,sqft,7747.8,sqft,98146,826510.4
274,4,4.0,1564.7,sqft,5259.8,sqft,98115,1115461.7
275,6,4.5,1800.8,sqft,1448.1,sqft,98103,1385022.0
276,4,3.0,2011.3,sqft,3580.3,sqft,98117,944846.9
277,4,5.0,1356.6,sqft,6787.1,sqft,98144,924554.0
278,3,2.0,997.6,sqft,6351.0,sqft,98125,504708.3
279,5,3.0,917.0,sqft,7352.3,sqft,98146,617208.3
280,3,4.0,1128.9,sqft,7502.7,sqft,98117,640719.7
281,2,2.0,539.0,sqft,0.3,acre,98119,330396.6
282,6,4.0,2584.0,sqft,5717.2,sqft,98119,1332770.4
283,4,3.0,1589.4,sqft,5069.8,sqft,98118,478379.3
284,4,2.0,821.4,sqft,7131.5,sqft,98125,632346.9
285,4,4.0,1105.1,sqft,1136.4,sqft,98122,636743.7
286,5,4.5,2357.5,sqft,1728.0,sqft,98102,1219418.3
287,6,4.0,2456.9,sqft,4867.9,sqft,98117,1286426.1
288,6,3.0,2629.7,sqft,4521.9,sqft,98117,1366436.9
289,3,3.0,919.1,sqft,0.2,acre,98103,153319.9
290,3,2.5,1014.4,sqft,1372.2,sqft,98106,545740.4
291,8,5.5,3709.0,sqft,4785.2,sqft,98117,2871532.0
292,4,3.0,1427.4,sqft,1031.3,sqft,98144,589264.7
293,4,3.5,1101.5,sqft,0.2,acre,98168,566994.0
294,4,5.5,1938.5,sqft,1447.6,sqft,98199,898504.9
295,2,2.0,589.0,sqft,0.5,acre,98119,333661.9
296,4,4.0,1274.0,sqft,0.5,acre,98116,759154.0
297,4,3.5,1280.3,sqft,985.2,sqft,98133,536439.6
298,5,4.5,2791.6,sqft,0.6,acre,98121,2399490.1
299,4,3.0,2806.6,sqft,5512.9,sqft,98115,1331903.2
300,6,5.5,2777.5,sqft,5593.3,sqft,98102,2171643.9
301,5,4.0,1860.5,sqft,6665.1,sqft,98133,858699.5
302,4,3.5,1758.0,sqft,1338.9,sqft,98122,1126605.9
303,3,2.0,1240.3,sqft,7191.4,sqft,98125,460847.0
304,4,3.0,2251.8,sqft,4814.3,sqft,98199,1042892.2
305,3,3.5,1556.7,sqft,4914.2,sqft,98106,649716.9
306,4,3.0,951.5,sqft,4067.4,sqft,98105,687358.2
307,5,4.0,1536.3,sqft,6597.1,sqft,98168,588706.0
308,6,4.5,2306.1,sqft,3537.6,sqft,98146,691201.4
309,5,2.0,1267.5,sqft,5820.1,sqft,98146,714181.3
310,5,3.0,1848.1,sqft,4300.5,sqft,98117,973009.6
311,4,4.0,1492.4,sqft,5908.7,sqft,98126,771810.6
312,5,4.0,2216.6,sqft,5871.7,sqft,98115,894092.6
313,5,4.0,1445.8,sqft,0.9,acre,98144,812683.8
314,3,3.5,1184.2,sqft,972.3,sqft,98117,690067.8
315,6,4.5,2148.8,sqft,4847.6,sqft,98105,1849454.6
316,3,3.0,1041.5,sqft,594.1,sqft,98177,548562.7
317,3,3.0,1031.2,sqft,1103.2,sqft,98106,510346.6
318,4,3.0,1130.6,sqft,757.8,sqft,98112,790800.9
319,6,4.5,1392.8,sqft,2280.3,sqft,98117,769797.5
320,2,2.0,670.1,sqft,0.2,acre,98122,553516.1
321,6,5.0,1898.4,sqft,0.9,acre,98122,992435.4
322,5,4.0,2135.4,sqft,6794.3,sqft,98115,1327922.3
323,4,3.0,689.9,sqft,5100.2,sqft,98103,388288.9
324,6,4.5,2114.0,sqft,3875.2,sqft,98118,941279.7
325,4,3.0,1769.3,sqft,4125.4,sqft,98199,890159.0
326,3,3.0,680.9,sqft,4997.3,sqft,98103,401154.0
327,4,4.0,1092.9,sqft,738.7,sqft,98116,664586.4
328,7,5.0,2816.3,sqft,3093.0,sqft,98117,1426272.5
329,6,4.5,1958.3,sqft,5741.2,sqft,98136,872606.7
330,5,3.5,2065.8,sqft,3497.0,sqft,98144,1216570.3
331,5,4.0,2116.3,sqft,6404.0,sqft,98126,1080970.6
332,6,4.0,2907.0,sqft,7782.9,sqft,98178,738875.4
333,5,3.5,2137.4,sqft,5645.6,sqft,98115,1174207.4
334,5,4.0,1456.9,sqft,2718.6,sqft,98146,534969.0
335,5,3.5,2150.6,sqft,5813.0,sqft,98115,839768.3
336,2,3.0,540.5,sqft,1.1,acre,98109,262805.7
337,6,4.0,2233.2,sqft,5890.2,sqft,98122,747554.5
338,6,5.0,3230.1,sqft,5482.8,sqft,98116,692006.0
339,3,3.0,1695.1,sqft,4639.6,sqft,98118,528945.1
340,4,4.0,1851.5,sqft,4929.5,sqft,98109,1167325.8
341,5,4.0,2332.2,sqft,3572.0,sqft,98115,1668584.8
342,5,6.0,3548.9,sqft,0.3,acre,98118,2428419.4
343,5,4.5,1556.9,sqft,838.4,sqft,98107,1015088.8
344,3,5.5,972.0,sqft,0.8,acre,98178,387043.6
345,4,4.0,2891.2,sqft,5622.0,sqft,98199,1333372.1
346,5,3.0,2117.3,sqft,5916.8,sqft,98199,1285870.4
347,4,3.0,590.7,sqft,3731.1,sqft,98103,664096.8
348,5,4.5,1477.1,sqft,2110.1,sqft,98126,640220.4
349,5,5.5,1787.3,sqft,1631.7,sqft,98144,1010150.4
350,5,3.0,2038.3,sqft,4956.3,sqft,98115,868597.3
351,5,4.5,2961.4,sqft,0.3,acre,98117,1631927.4
352,4,4.0,1694.6,sqft,3868.6,sqft,98105,1263698.9
353,5,3.0,1735.6,sqft,3844.6,sqft,98112,1713887.3
354,10,7.0,3813.4,sqft,5159.6,sqft,98133,1008365.9
355,6,2.5,1824.7,sqft,0.2,acre,98125,815681.6
356,4,4.5,1462.2,sqft,1549.1,sqft,98107,859135.0
357,8,5.0,2824.0,sqft,3602.2,sqft,98199,993885.7
358,6,3.0,1691.1,sqft,4706.7,sqft,98117,886568.8
359,4,4.0,1757.0,sqft,8.3,acre,98115,673081.8
360,4,3.0,1043.3,sqft,0.9,acre,98117,843142.8
361,5,5.5,3528.4,sqft,6790.5,sqft,98199,1471619.3
362,5,4.5,2662.5,sqft,7258.0,sqft,98136,1226170.6
363,3,4.0,1393.5,sqft,6925.2,sqft,98105,891739.9
364,4,3.0,1224.6,sqft,750.4,sqft,98119,1017660.7
365,5,4.5,2882.8,sqft,4375.0,sqft,98112,2169937.6
366,7,3.0,2039.4,sqft,3681.4,sqft,98117,841945.1
367,4,4.0,1961.5,sqft,8100.0,sqft,98146,721746.8
368,4,2.5,1522.3,sqft,0.9,acre,98122,668833.0
369,5,4.0,2246.9,sqft,3998.7,sqft,98122,1118847.7
370,3,2.0,1298.2,sqft,5971.5,sqft,98125,648636.7
371,3,2.0,585.6,sqft,1.0,acre,98107,424401.6
372,3,3.0,740.2,sqft,5760.7,sqft,98126,509337.7
373,4,3.5,1435.7,sqft,1221.2,sqft,98103,689910.0
374,4,5.0,2615.6,sqft,7940.9,sqft,98105,1539326.6
375,3,2.5,1014.5,sqft,1623.2,sqft,98103,769464.3
376,5,1.5,1751.2,sqft,3545.6,sqft,98103,862137.4
377,4,4.5,1940.2,sqft,3930.1,sqft,98115,1409291.6
378,4,2.0,1497.5,sqft,0.4,acre,98178,572277.5
379,4,3.5,1272.5,sqft,1039.6,sqft,98103,793997.9
380,4,3.0,2204.0,sqft,4039.0,sqft,98115,875798.1
381,5,2.0,1208.1,sqft,6988.9,sqft,98177,723301.1
382,4,3.0,858.1,sqft,3.9,acre,98146,332772.2
383,5,3.5,1154.1,sqft,6034.6,sqft,98103,563321.3
384,4,2.0,1214.3,sqft,4302.5,sqft,98118,463701.1
385,3,3.0,975.6,sqft,6261.0,sqft,98133,609704.4
386,4,2.0,1576.7,sqft,4506.8,sqft,98109,783187.2
387,3,3.5,789.5,sqft,4518.1,sqft,98107,492416.3
388,5,3.0,990.3,sqft,3711.4,sqft,98117,1076692.3
389,7,5.5,3015.1,sqft,5852.9,sqft,98112,2249528.9
390,5,4.0,1078.0,sqft,4619.4,sqft,98168,516924.9
391,5,4.5,1700.2,sqft,1821.3,sqft,98133,841784.9
392,6,3.5,3363.4,sqft,6987.5,sqft,98144,2335182.3
393,2,2.0,351.2,sqft,0.2,acre,98199,987116.9
394,4,4.0,845.1,sqft,0.2,acre,98126,672857.3
395,4,3.0,1290.7,sqft,2018.1,sqft,98103,838399.9
396,5,4.5,2470.9,sqft,6094.0,sqft,98116,1585913.7
397,6,4.0,1997.8,sqft,6446.7,sqft,98133,804066.5
398,6,5.5,3144.7,sqft,5851.9,sqft,98199,2001436.2
399,5,4.0,1906.9,sqft,4172.2,sqft,98136,696690.5
400,5,4.5,2063.3,sqft,994.4,sqft,98119,1420368.1
401,4,4.0,928.3,sqft,550.4,sqft,98102,754952.2
402,7,4.5,2395.9,sqft,5304.0,sqft,98108,858778.3
403,4,3.5,1288.2,sqft,1324.1,sqft,98116,688184.2
404,5,4.5,1654.1,sqft,6800.9,sqft,98125,852604.9
405,3,3.0,661.9,sqft,0.2,acre,98109,416801.1
406,6,4.0,2100.8,sqft,6815.2,sqft,98178,725869.7
407,5,5.0,3013.9,sqft,9481.9,sqft,98144,1585977.4
408,5,3.0,1795.7,sqft,3668.8,sqft,98136,784857.0
409,6,5.5,2101.0,sqft,1732.6,sqft,98116,1411485.0
410,5,4.5,2720.6,sqft,6849.6,sqft,98199,1535292.9
411,6,3.0,2504.7,sqft,4581.2,sqft,98107,1180617.2
412,4,3.0,968.0,sqft,0.3,acre,98125,807302.8
413,5,3.5,1342.0,sqft,1711.1,sqft,98103,830880.1
414,5,3.0,1305.0,sqft,6777.4,sqft,98118,449942.5
415,4,4.0,2147.7,sqft,3613.1,sqft,98115,851447.1
416,5,4.0,1576.6,sqft,986.2,sqft,98103,1140482.2
417,6,4.0,1998.6,sqft,3112.8,sqft,98119,1219566.8
418,3,2.5,1289.9,sqft,873.1,sqft,98115,645979.5
419,4,2.0,1380.9,sqft,6242.6,sqft,98117,850837.7
420,6,5.5,3579.7,sqft,5676.0,sqft,98115,2582742.9
421,5,2.5,1637.6,sqft,4630.5,sqft,98126,605385.8
422,5,3.0,1039.1,sqft,2260.1,sqft,98108,628290.9
423,3,2.0,751.1,sqft,4869.1,sqft,98103,668066.2
424,6,5.0,2677.3,sqft,0.3,acre,98133,886297.6
425,5,4.5,5566.3,sqft,7022.1,sqft,98112,3487928.4
426,4,3.0,1385.3,sqft,0.3,acre,98168,474275.7
427,5,3.5,1375.1,sqft,1767.5,sqft,98106,532129.7
428,5,4.5,1351.4,sqft,1052.9,sqft,98107,902676.0
429,6,5.0,2104.0,sqft,3822.6,sqft,98106,751865.6
430,3,2.5,1288.4,sqft,4162.7,sqft,98115,607979.0
431,4,6.0,1222.1,sqft,1260.2,sqft,98116,747299.7
432,4,3.5,2125.2,sqft,4089.0,sqft,98116,899413.2
433,5,3.5,2123.3,sqft,0.3,acre,98116,1336866.4
434,5,4.0,1361.4,sqft,693.2,sqft,98117,702401.1
435,5,4.5,1772.1,sqft,1372.3,sqft,98107,902188.2
436,4,3.0,1210.4,sqft,2533.7,sqft,98118,799587.3
437,4,5.0,1347.3,sqft,8727.1,sqft,98117,696924.6
438,4,5.0,2054.5,sqft,6638.2,sqft,98177,1174897.5
439,5,4.5,1536.9,sqft,1426.6,sqft,98107,904345.5
440,5,4.0,2194.9,sqft,818.4,sqft,98109,1660440.7
441,4,3.0,1137.1,sqft,4918.4,sqft,98107,720357.1
442,4,3.0,1026.2,sqft,3128.1,sqft,98103,886857.7
443,6,3.0,1898.4,sqft,0.4,acre,98118,1089294.4
444,5,3.5,1568.3,sqft,8358.1,sqft,98146,619393.6
445,5,3.5,2147.5,sqft,3265.1,sqft,98117,1060648.0
446,6,3.5,2697.2,sqft,5659.4,sqft,98178,576971.8
447,5,4.0,1531.0,sqft,605.3,sqft,98118,765333.3
448,5,3.5,1262.6,sqft,851.2,sqft,98112,783451.0
449,6,5.5,4914.3,sqft,7433.3,sqft,98118,2459294.9
450,5,4.5,1425.9,sqft,1217.9,sqft,98107,957958.5
451,5,4.0,1594.4,sqft,6713.4,sqft,98146,589780.0
452,5,5.5,2364.2,sqft,3911.9,sqft,98144,1245212.7
453,5,4.0,1245.6,sqft,1453.8,sqft,98122,643821.1
454,5,4.0,2051.2,sqft,4602.7,sqft,98115,806538.2
455,5,3.0,1333.6,sqft,983.6,sqft,98103,712921.1
456,4,2.5,1694.2,sqft,1518.6,sqft,98144,667361.3
457,5,5.5,2792.5,sqft,0.9,acre,98136,3683060.6
458,3,4.0,934.4,sqft,0.3,acre,98133,363316.7
459,4,4.5,1324.5,sqft,1403.5,sqft,98106,587846.9
460,5,5.0,1456.4,sqft,2854.3,sqft,98105,1058909.3
461,5,3.5,2388.3,sqft,5902.8,sqft,98118,711541.6
462,4,4.5,1351.0,sqft,2761.7,sqft,98144,827089.3
463,4,3.5,1277.3,sqft,2031.9,sqft,98126,616623.3
464,3,4.0,1270.5,sqft,1083.5,sqft,98125,624266.9
465,3,2.0,709.2,sqft,0.2,acre,98122,486370.7
466,4,4.0,1542.2,sqft,5551.4,sqft,98115,781310.5
467,4,2.0,1828.7,sqft,8475.6,sqft,98168,564526.9
468,4,4.0,1366.6,sqft,1422.0,sqft,98116,695038.7
469,2,3.0,640.0,sqft,0.3,acre,98119,421227.5
470,6,3.0,1873.1,sqft,4744.8,sqft,98115,800875.4
471,5,4.0,1098.2,sqft,4044.8,sqft,98103,658171.8
472,4,3.0,1399.4,sqft,1090.1,sqft,98144,621820.6
473,4,2.0,1684.4,sqft,2360.4,sqft,98105,844277.6
474,6,5.0,4156.0,sqft,4699.1,sqft,98122,1051583.9
475,8,6.0,2111.2,sqft,4717.8,sqft,98108,814616.0
476,4,4.5,3037.8,sqft,0.3,acre,98105,2208115.8
477,3,3.0,2034.8,sqft,7948.9,sqft,98146,340988.3
478,5,3.5,1451.9,sqft,3516.5,sqft,98108,673877.2
479,5,4.5,1224.9,sqft,1789.4,sqft,98105,830039.3
480,3,2.0,815.9,sqft,7336.6,sqft,98118,447264.9
481,4,4.0,1958.6,sqft,7666.6,sqft,98125,860125.2
482,6,4.0,3279.0,sqft,7464.3,sqft,98105,2109808.2
483,4,3.0,1003.0,sqft,5714.0,sqft,98133,338306.3
484,5,4.5,1854.8,sqft,1900.6,sqft,98103,677537.3
485,5,4.0,2161.2,sqft,4976.0,sqft,98115,1381826.3
486,5,5.0,2060.0,sqft,7295.2,sqft,98126,910631.3
487,4,4.0,1344.7,sqft,6.2,acre,98125,418736.1
488,5,4.5,1706.1,sqft,1624.3,sqft,98103,1225018.8
489,3,5.5,1630.0,sqft,823.0,sqft,98107,1041456.9
490,5,4.5,2418.3,sqft,3988.7,sqft,98105,1976314.8
491,4,4.0,1871.2,sqft,2783.7,sqft,98118,641003.5
492,5,3.5,1637.2,sqft,1359.3,sqft,98102,1559732.7
493,7,4.0,2456.0,sqft,4666.2,sqft,98103,874720.6
494,5,4.0,1366.4,sqft,4574.8,sqft,98116,1097850.3
495,4,3.0,897.7,sqft,4429.8,sqft,98136,471494.1
496,6,3.0,2414.7,sqft,3888.1,sqft,98144,1032925.0
497,7,6.0,2404.7,sqft,4864.9,sqft,98118,926064.5
498,3,3.0,1230.8,sqft,4910.3,sqft,98133,714461.1
499,5,5.5,3182.6,sqft,4259.4,sqft,98112,1861561.4
500,4,3.5,1464.6,sqft,1339.5,sqft,98107,767557.7
501,5,3.0,1982.7,sqft,7355.4,sqft,98106,740508.3
502,5,4.0,1352.1,sqft,4512.5,sqft,98107,912009.5
503,4,3.5,1131.4,sqft,5087.0,sqft,98122,804210.4
504,4,3.5,815.6,sqft,4628.5,sqft,98107,557612.2
505,6,4.0,2812.2,sqft,7234.2,sqft,98136,1120001.1
506,5,4.5,1929.4,sqft,0.3,acre,98178,829816.9
507,4,4.0,2232.0,sqft,8251.3,sqft,98116,1080737.6
508,6,4.0,2473.3,sqft,2680.6,sqft,98122,957382.4
509,3,3.0,988.5,sqft,4254.5,sqft,98118,564441.4
510,6,3.5,3809.7,sqft,7260.4,sqft,98199,1827541.6
511,6,2.5,2987.1,sqft,4919.7,sqft,98112,1470122.1
512,6,4.5,2992.4,sqft,8664.3,sqft,98168,629726.9
513,4,3.5,1215.5,sqft,0.5,acre,98103,823222.4
514,5,2.0,843.9,sqft,6994.7,sqft,98168,438380.0
515,6,4.5,3965.5,sqft,3994.5,sqft,98109,2716911.7
516,7,3.5,2735.1,sqft,3884.4,sqft,98118,719201.5
517,3,2.0,895.6,sqft,4661.6,sqft,98116,568187.8
518,5,4.0,1555.1,sqft,1178.6,sqft,98122,945337.1
519,5,3.0,978.7,sqft,5398.1,sqft,98116,796739.0
520,3,6.5,2395.7,sqft,0.5,acre,98102,5685189.8
521,7,7.0,3585.8,sqft,7507.8,sqft,98115,1882318.2
522,5,4.5,2318.0,sqft,3729.2,sqft,98199,1706906.5
523,6,5.5,2524.5,sqft,2920.5,sqft,98102,1708583.7
524,3,3.0,889.4,sqft,616.4,sqft,98103,703720.8
525,3,4.5,1994.1,sqft,1370.6,sqft,98103,1399293.3
526,3,4.5,1297.0,sqft,3.9,acre,98118,479484.0
527,4,3.0,1467.2,sqft,0.5,acre,98178,480822.0
528,4,3.0,821.5,sqft,6039.8,sqft,98116,719331.4
529,3,3.0,973.4,sqft,0.3,acre,98116,586551.4
530,5,4.0,2625.3,sqft,3939.6,sqft,98103,1454005.2
531,6,4.0,2271.3,sqft,4992.2,sqft,98106,565026.7
532,5,3.5,1696.7,sqft,1324.8,sqft,98107,915212.3
533,4,3.0,2392.7,sqft,4911.3,sqft,98122,684153.6
534,5,5.5,1767.0,sqft,995.5,sqft,98122,1018426.7
535,3,2.0,609.3,sqft,4537.5,sqft,98107,405213.0
536,4,3.5,1429.1,sqft,0.5,acre,98103,1206313.2
537,4,3.0,1612.5,sqft,0.3,acre,98125,503507.4
538,7,5.0,2893.9,sqft,5042.3,sqft,98117,1210540.8
539,6,6.0,2987.1,sqft,4700.3,sqft,98108,1172667.0
540,5,4.0,1309.0,sqft,8227.7,sqft,98106,517884.9
541,3,2.5,857.0,sqft,1.0,acre,98133,500584.0
542,4,4.0,2637.0,sqft,4655.0,sqft,98144,1181861.6
543,4,3.0,691.6,sqft,6207.2,sqft,98117,510306.0
544,5,3.5,1853.2,sqft,3213.5,sqft,98117,982782.2
545,4,4.5,1556.5,sqft,3.9,acre,98126,624275.9
546,6,3.0,3079.7,sqft,5802.3,sqft,98199,1536190.6
547,6,4.5,4320.6,sqft,6504.1,sqft,98105,3278412.7
548,4,3.5,1496.8,sqft,6211.1,sqft,98126,659736.0
549,5,2.0,1405.0,sqft,0.3,acre,98146,407127.2
550,4,4.0,965.6,sqft,1.8,acre,98115,439385.7
551,5,4.0,2263.1,sqft,4728.6,sqft,98108,745139.8
552,5,5.0,1789.4,sqft,2174.1,sqft,98107,958760.0
553,4,4.0,1479.0,sqft,2766.2,sqft,98103,819599.8
554,6,3.5,1747.8,sqft,4511.7,sqft,98118,706500.7
555,4,4.5,1252.3,sqft,1147.9,sqft,98107,841898.8
556,4,3.0,1527.7,sqft,8132.6,sqft,98117,815104.4
557,3,3.0,1134.7,sqft,0.4,acre,98112,591265.6
558,4,4.5,1505.4,sqft,1559.2,sqft,98144,666783.5
559,3,3.0,646.4,sqft,4.6,acre,98133,295711.2
560,4,4.0,1334.2,sqft,6508.7,sqft,98116,859063.2
561,4,4.0,2802.7,sqft,3515.9,sqft,98199,1257092.9
562,2,3.0,670.9,sqft,0.9,acre,98144,497660.1
563,4,5.0,2372.3,sqft,5469.2,sqft,98122,1440031.3
564,5,2.0,1058.3,sqft,3644.4,sqft,98112,895657.4
565,5,4.0,1560.0,sqft,2943.1,sqft,98117,1144312.7
566,4,4.0,1808.1,sqft,1605.6,sqft,98122,862008.9
567,4,4.0,1387.4,sqft,699.4,sqft,98122,844752.3
568,15,7.0,3702.0,sqft,4551.4,sqft,98106,1217296.5
569,4,3.5,2183.0,sqft,3701.7,sqft,98107,1065573.6
570,6,4.0,2481.0,sqft,2893.8,sqft,98105,956180.5
571,6,5.0,3040.3,sqft,5487.5,sqft,98115,1215225.1
572,4,3.5,1920.2,sqft,2320.5,sqft,98118,754740.5
573,4,2.0,831.6,sqft,4372.0,sqft,98117,780972.6
574,5,2.0,1917.9,sqft,4519.9,sqft,98117,780679.9
575,4,2.0,2402.5,sqft,4678.9,sqft,98122,756207.4
576,4,4.0,1490.0,sqft,4965.8,sqft,98116,887855.7
577,3,3.0,1040.7,sqft,4227.7,sqft,98199,1070552.5
578,2,3.0,512.6,sqft,1.2,acre,98121,385763.1
579,2,3.0,584.9,sqft,5749.1,sqft,98178,482915.0
580,4,5.0,1618.1,sqft,7660.6,sqft,98177,786286.1
581,3,4.0,986.9,sqft,1.9,acre,98115,461926.8
582,2,3.0,499.5,sqft,2383.6,sqft,98118,354046.6
583,5,3.0,1307.1,sqft,5028.2,sqft,98106,634133.1
584,4,4.5,1381.6,sqft,2604.7,sqft,98133,701044.0
585,5,3.0,1685.3,sqft,3877.0,sqft,98103,855334.3
586,4,4.0,2857.9,sqft,0.3,acre,98118,1018091.5
587,6,3.5,2045.7,sqft,3141.6,sqft,98105,917549.9
588,4,4.5,1346.3,sqft,1393.6,sqft,98117,676214.4
589,3,3.0,1306.9,sqft,4424.3,sqft,98117,901409.8
590,4,4.0,816.4,sqft,1935.2,sqft,98102,1563442.8
591,3,4.0,1106.1,sqft,751.5,sqft,98109,755889.5
592,5,2.5,1162.8,sqft,0.3,acre,98178,534110.8
593,7,5.0,3268.7,sqft,6599.9,sqft,98117,1671863.4
594,4,3.0,1453.5,sqft,1100.7,sqft,98117,767214.9
595,6,4.0,2906.9,sqft,6851.2,sqft,98115,1097305.1
596,6,3.0,2082.4,sqft,7785.2,sqft,98178,758766.5
597,6,5.5,2562.0,sqft,4688.7,sqft,98118,1587581.5
598,5,3.5,3526.0,sqft,6923.4,sqft,98118,1859059.4
599,4,2.0,1993.3,sqft,6412.4,sqft,98199,919918.6
600,5,2.0,1463.2,sqft,3266.2,sqft,98119,954263.6
601,5,2.5,1962.8,sqft,3727.2,sqft,98105,807801.9
602,5,4.5,1814.0,sqft,4938.2,sqft,98146,629668.4
603,5,4.0,1356.3,sqft,2966.3,sqft,98103,1172821.4
604,6,3.5,1184.6,sqft,3892.4,sqft,98122,937322.7
605,5,4.0,998.1,sqft,5051.2,sqft,98106,554051.4
606,3,3.0,757.2,sqft,5496.7,sqft,98106,446176.5
607,6,4.0,2252.8,sqft,0.3,acre,98115,1078975.6
608,5,3.5,2052.5,sqft,3845.3,sqft,98103,1271322.9
609,4,2.5,1017.4,sqft,890.3,sqft,98103,597356.3
610,4,4.5,1900.0,sqft,1648.7,sqft,98122,1165949.9
611,4,3.5,1467.1,sqft,1144.8,sqft,98117,668732.7
612,3,3.0,931.8,sqft,755.4,sqft,98118,577870.6
613,5,4.0,1048.8,sqft,2447.3,sqft,98122,585223.5
614,5,4.0,2010.6,sqft,5932.1,sqft,98103,1106688.9
615,4,4.5,1285.0,sqft,810.2,sqft,98102,1025063.7
616,4,4.5,1228.4,sqft,1283.8,sqft,98117,789648.8
617,5,6.5,4413.8,sqft,4946.8,sqft,98144,1622313.6
618,5,3.0,1012.2,sqft,6399.5,sqft,98168,488969.4
619,4,3.5,1821.0,sqft,1279.5,sqft,98103,1470741.7
620,4,3.0,1054.3,sqft,0.9,acre,98116,639136.3
621,5,3.5,1025.2,sqft,651.3,sqft,98144,665315.0
622,4,2.5,1608.7,sqft,3671.6,sqft,98144,636327.8
623,3,4.0,953.0,sqft,6828.1,sqft,98125,771515.2
624,4,3.0,1415.2,sqft,905.8,sqft,98107,823613.9
625,4,3.5,1405.4,sqft,6867.9,sqft,98146,664050.0
626,5,5.5,3087.7,sqft,5686.9,sqft,98136,1462609.6
627,5,4.0,1851.6,sqft,7404.4,sqft,98136,708535.2
628,4,4.5,1440.9,sqft,1031.5,sqft,98122,989740.4
629,5,4.0,1128.9,sqft,788.8,sqft,98144,711640.6
630,6,3.0,2405.8,sqft,3667.7,sqft,98122,685482.7
631,4,5.5,2160.5,sqft,1474.9,sqft,98103,1104025.5
632,3,3.0,228.1,sqft,245.4,acre,98103,152769.1
633,9,6.0,3005.6,sqft,8156.3,sqft,98146,926650.3
634,3,4.0,1122.6,sqft,546.8,sqft,98115,671221.2
635,3,2.0,782.1,sqft,8764.4,sqft,98126,370552.4
636,5,4.5,1984.1,sqft,8816.6,sqft,98177,791353.7
637,4,5.5,1887.5,sqft,5900.4,sqft,98125,564467.1
638,5,4.0,2809.9,sqft,0.3,acre,98168,198335.8
639,5,3.0,2260.3,sqft,5928.6,sqft,98118,1236795.2
640,3,4.5,1280.1,sqft,845.5,sqft,98105,683138.0
641,5,4.0,1515.3,sqft,5449.3,sqft,98136,830390.1
642,3,4.0,1086.7,sqft,1406.6,sqft,98177,658703.4
643,3,3.0,588.9,sqft,2.4,acre,98115,267746.3
644,3,3.0,1155.1,sqft,4633.9,sqft,98144,296404.8
645,6,3.5,2627.2,sqft,4281.1,sqft,98105,1096889.4
646,4,3.5,1004.0,sqft,694.1,sqft,98107,690896.5
647,6,3.0,2053.6,sqft,4990.6,sqft,98106,680086.7
648,6,5.0,1858.3,sqft,2206.1,sqft,98103,1046138.4
649,5,4.0,1820.3,sqft,8358.7,sqft,98177,1326839.7
650,4,4.5,1491.9,sqft,977.9,sqft,98144,700864.5
651,3,3.5,747.0,sqft,3702.7,sqft,98106,464394.4
652,3,4.0,1205.2,sqft,721.1,sqft,98107,827801.2
653,3,2.0,2256.6,sqft,8368.3,sqft,98168,516563.5
654,4,2.5,1114.4,sqft,4953.7,sqft,98102,942743.8
655,5,3.0,2119.2,sqft,7541.4,sqft,98168,589949.5
656,3,4.0,1078.9,sqft,1139.2,sqft,98126,728342.0
657,5,5.0,1823.1,sqft,4876.4,sqft,98136,1198251.9
658,3,2.0,570.2,sqft,0.3,acre,98101,302705.8
659,4,3.0,1148.6,sqft,830.7,sqft,98109,861816.1
660,4,3.0,1709.4,sqft,3115.7,sqft,98117,1058524.4
661,5,2.0,1158.6,sqft,6694.3,sqft,98106,451301.8
662,7,6.5,5451.3,sqft,7746.3,sqft,98122,4819066.0
663,4,4.5,1575.1,sqft,919.0,sqft,98117,862653.8
664,3,3.0,922.8,sqft,620.2,sqft,98103,652172.0
665,4,2.0,767.4,sqft,5704.6,sqft,98178,522264.7
666,3,3.0,349.5,sqft,0.2,acre,98199,969297.0
667,8,6.5,4343.7,sqft,0.3,acre,98178,2053303.7
668,4,4.0,1220.1,sqft,3725.0,sqft,98199,1051544.9
669,4,4.5,2078.1,sqft,1693.1,sqft,98115,1172279.7
670,4,4.5,1524.8,sqft,1130.3,sqft,98107,1076516.7
671,6,3.0,2675.0,sqft,2.1,acre,98168,640268.3
672,6,5.5,3611.8,sqft,4838.8,sqft,98199,2702210.1
673,4,2.0,1016.7,sqft,5372.1,sqft,98108,801913.9
674,4,3.5,1466.7,sqft,1388.2,sqft,98199,812339.6
675,3,5.0,1192.4,sqft,0.7,acre,98136,568453.0
676,6,3.5,2366.1,sqft,3313.9,sqft,98115,1274252.7
677,3,3.0,998.2,sqft,5682.6,sqft,98199,855046.7
678,4,3.0,1251.7,sqft,5926.3,sqft,98126,797543.2
679,5,4.5,2557.0,sqft,5916.7,sqft,98122,1575952.5
680,3,2.0,948.6,sqft,2452.6,sqft,98103,1057709.1
681,4,5.5,1752.9,sqft,991.0,sqft,98122,1149232.3
682,5,3.0,1727.8,sqft,7096.0,sqft,98168,488625.2
683,7,5.0,3019.4,sqft,5575.4,sqft,98118,972211.8
684,4,3.0,1216.8,sqft,0.3,acre,98168,402302.2
685,6,4.5,1905.4,sqft,2297.6,sqft,98107,978376.9
686,6,5.0,2116.7,sqft,5256.9,sqft,98118,844820.2
687,4,4.0,1629.0,sqft,4936.6,sqft,98126,707358.5
688,5,4.0,1146.2,sqft,2612.8,sqft,98133,556231.5
689,3,3.0,959.1,sqft,710.9,sqft,98118,583434.6
690,5,4.5,1478.2,sqft,1184.8,sqft,98119,937081.4
691,4,3.0,1051.4,sqft,5792.3,sqft,98118,591271.8
692,5,4.5,1519.0,sqft,1545.1,sqft,98117,865495.3
693,5,4.0,1418.2,sqft,3740.9,sqft,98118,450526.5
694,5,3.0,1558.7,sqft,2559.4,sqft,98107,898376.3
695,5,4.0,2193.2,sqft,3601.9,sqft,98126,888860.5
696,6,5.5,1876.0,sqft,2332.8,sqft,98136,1054986.1
697,4,4.5,821.1,sqft,815.7,sqft,98144,607837.3
698,3,3.0,421.5,sqft,5942.4,sqft,98102,310660.0
699,5,3.5,2504.7,sqft,5444.5,sqft,98146,1130907.2
700,4,3.5,1255.2,sqft,2409.9,sqft,98118,588670.6
701,4,5.5,1695.2,sqft,1925.9,sqft,98122,809710.5
702,5,4.5,1788.6,sqft,2817.0,sqft,98118,1044160.8
703,6,2.0,1246.0,sqft,5661.9,sqft,98144,646308.9
704,3,4.0,1033.3,sqft,1527.0,sqft,98103,628801.0
705,4,4.5,1341.5,sqft,1471.6,sqft,98115,571505.8
706,5,4.5,1264.7,sqft,982.5,sqft,98136,772707.3
707,4,3.0,1913.0,sqft,3845.7,sqft,98108,801224.4
708,3,2.0,530.3,sqft,0.9,acre,98102,370135.9
709,5,4.0,1712.4,sqft,5500.7,sqft,98126,777023.3
710,5,4.0,1416.3,sqft,4796.3,sqft,98116,744134.9
711,4,3.5,1432.2,sqft,7719.4,sqft,98133,823884.3
712,5,4.0,1639.7,sqft,7900.2,sqft,98146,566247.3
713,6,3.5,2798.9,sqft,2959.1,sqft,98115,1523152.1
714,5,5.5,1440.7,sqft,1613.8,sqft,98136,802468.5
715,3,2.0,611.4,sqft,0.4,acre,98109,415384.5
716,6,4.0,1421.7,sqft,4177.1,sqft,98126,745488.9
717,4,4.5,2490.6,sqft,2750.9,sqft,98122,1512549.4
718,4,5.0,1049.3,sqft,0.4,acre,98144,511840.3
719,4,4.0,1425.9,sqft,2336.5,sqft,98103,915423.8
720,4,9.0,2027.0,sqft,5283.1,sqft,98112,1756329.0
721,3,3.0,1382.2,sqft,2891.2,sqft,98115,497657.8
722,4,5.5,1304.1,sqft,1621.8,sqft,98115,825894.8
723,6,6.0,1938.6,sqft,4872.7,sqft,98115,1325186.6
724,5,3.0,1400.5,sqft,1.0,acre,98117,927050.8
725,6,5.0,3043.7,sqft,8195.5,sqft,98199,1761999.6
726,4,4.0,862.6,sqft,0.3,acre,98126,390810.9
727,5,3.0,1634.7,sqft,1218.7,sqft,98103,1096242.5
728,5,3.5,1653.8,sqft,1063.9,sqft,98116,932739.0
729,6,4.0,2884.3,sqft,3677.5,sqft,98102,1890288.2
730,5,5.5,1437.5,sqft,1143.9,sqft,98103,676361.3
731,4,3.0,1992.9,sqft,5430.0,sqft,98119,821462.0
732,5,4.5,1990.1,sqft,4532.0,sqft,98112,1662489.7
733,3,3.5,1055.4,sqft,0.9,acre,98144,660596.7
734,4,3.0,1772.9,sqft,8737.5,sqft,98112,2615541.9
735,3,4.0,1093.5,sqft,5534.7,sqft,98116,562356.3
736,5,4.0,2976.8,sqft,7208.6,sqft,98199,1908209.8
737,5,3.0,2289.2,sqft,5139.1,sqft,98115,959531.7
738,3,4.5,1425.6,sqft,0.3,acre,98178,1678129.0
739,3,2.0,671.8,sqft,0.5,acre,98126,325968.0
740,3,4.0,1116.7,sqft,726.4,sqft,98118,551418.6
741,10,7.0,3479.4,sqft,4275.8,sqft,98117,996241.1
742,8,7.5,4243.2,sqft,6354.6,sqft,98115,3230180.0
743,5,4.5,1238.5,sqft,1151.4,sqft,98117,683108.1
744,4,3.5,943.9,sqft,946.8,sqft,98115,706878.0
745,6,3.0,1400.9,sqft,8203.5,sqft,98125,641047.5
746,2,3.0,1027.4,sqft,9204.8,sqft,98102,541706.4
747,3,3.0,1492.8,sqft,3035.5,sqft,98103,701406.4
748,5,3.5,2544.4,sqft,4529.8,sqft,98117,1244538.6
749,4,3.5,1343.3,sqft,720.3,sqft,98103,874595.7
750,6,4.0,1607.4,sqft,9007.3,sqft,98118,622446.2
751,5,4.5,1492.4,sqft,1307.8,sqft,98103,1070595.0
752,3,3.0,791.3,sqft,6391.8,sqft,98125,523042.1
753,4,2.0,885.7,sqft,2824.7,sqft,98103,466556.3
754,7,5.5,3430.3,sqft,7215.2,sqft,98122,1931432.4
755,6,4.0,2297.1,sqft,4562.1,sqft,98199,1403836.0
756,4,4.0,2225.7,sqft,8780.0,sqft,98125,626610.3
757,3,4.0,1464.5,sqft,5935.6,sqft,98108,699226.7
758,6,6.5,2312.2,sqft,8425.0,sqft,98146,1419839.0
759,3,3.5,919.9,sqft,1.0,acre,98103,1198431.6
760,5,3.5,1548.8,sqft,4784.6,sqft,98103,1039970.9
761,5,2.5,2241.0,sqft,3769.5,sqft,98112,1329885.3
762,2,3.0,577.9,sqft,0.4,acre,98105,394639.1
763,5,4.0,1407.6,sqft,5545.6,sqft,98118,641925.6
764,5,3.5,1113.3,sqft,1113.9,sqft,98118,558344.6
765,4,4.0,2664.5,sqft,7841.7,sqft,98177,1265301.8
766,5,4.0,2130.3,sqft,6328.8,sqft,98118,1195373.8
767,3,3.0,1303.6,sqft,767.7,sqft,98199,834090.9
768,5,4.5,2455.0,sqft,7161.3,sqft,98136,1005095.9
769,4,4.0,2481.6,sqft,0.3,acre,98121,810009.5
770,3,3.0,1184.6,sqft,4558.5,sqft,98126,570395.8
771,8,8.0,3181.9,sqft,2205.8,sqft,98103,1192907.5
772,6,3.0,1643.9,sqft,1.2,acre,98105,723859.6
773,5,4.0,2172.1,sqft,5030.7,sqft,98105,1091733.0
774,4,3.0,3628.5,sqft,4738.7,sqft,98122,481132.2
775,5,4.5,1468.5,sqft,2908.8,sqft,98117,1059868.4
776,6,4.5,3107.5,sqft,3550.2,sqft,98112,2301156.6
777,3,2.0,2016.4,sqft,5937.4,sqft,98106,475753.3
778,5,3.5,1502.4,sqft,2613.6,sqft,98106,650371.9
779,3,3.0,589.7,sqft,0.4,acre,98144,464978.8
780,3,3.0,1085.1,sqft,0.3,acre,98109,1364124.1
781,4,3.0,1134.9,sqft,7729.9,sqft,98199,500667.0
782,4,4.5,1327.1,sqft,1480.4,sqft,98126,534886.8
783,5,3.0,1589.1,sqft,1098.3,sqft,98116,859294.5
784,3,3.5,1540.5,sqft,4896.2,sqft,98118,758253.6
785,5,5.5,1982.9,sqft,4015.4,sqft,98103,1282459.7
786,4,3.5,1354.4,sqft,970.4,sqft,98144,646906.6
787,3,4.0,799.9,sqft,2.5,acre,98115,379564.1
788,7,6.0,2689.2,sqft,3755.5,sqft,98126,885424.0
789,5,3.0,2580.5,sqft,7539.9,sqft,98115,641327.1
790,5,3.0,1892.8,sqft,8.3,acre,98115,646095.8
791,5,5.0,2365.7,sqft,9832.8,sqft,98115,842826.3
792,6,4.5,2694.4,sqft,0.9,acre,98126,1234217.8
793,4,4.5,1631.2,sqft,2337.9,sqft,98117,1112357.1
794,4,3.5,1460.8,sqft,6614.7,sqft,98116,1241742.6
795,4,2.0,808.1,sqft,6441.6,sqft,98177,616659.0
796,7,5.5,4829.1,sqft,0.3,acre,98102,4017968.3
797,5,5.5,1317.3,sqft,1108.2,sqft,98108,649939.5
798,4,3.0,971.1,sqft,637.8,sqft,98103,745264.6
799,4,5.0,1553.9,sqft,0.9,acre,98115,937944.4
800,4,3.5,1376.9,sqft,8627.5,sqft,98168,428857.0
801,3,4.0,1852.9,sqft,6810.5,sqft,98168,560357.3
802,5,4.5,2454.3,sqft,7213.6,sqft,98115,1277659.5
803,3,2.0,684.6,sqft,0.4,acre,98116,511952.7
804,4,4.0,2471.1,sqft,4078.7,sqft,98144,1441991.4
805,4,3.0,1724.1,sqft,6022.2,sqft,98115,955333.4
806,3,3.5,1489.6,sqft,5567.2,sqft,98115,1193079.4
807,2,2.0,1175.8,sqft,5503.1,sqft,98108,867549.7
808,6,4.5,2271.7,sqft,8968.8,sqft,98108,927048.4
809,5,3.0,842.3,sqft,0.3,acre,98106,602794.2
810,4,2.0,1817.6,sqft,4789.5,sqft,98133,712642.2
811,5,3.0,2287.5,sqft,3136.7,sqft,98119,1118344.8
812,5,5.5,2569.3,sqft,2849.6,sqft,98103,1689020.8
813,5,3.5,1607.8,sqft,1262.5,sqft,98144,831534.9
814,5,2.0,1021.6,sqft,6618.6,sqft,98133,619294.3
815,5,5.5,1550.8,sqft,922.8,sqft,98109,1024579.1
816,6,4.0,2513.5,sqft,6544.9,sqft,98125,782915.9
817,3,3.5,817.7,sqft,823.3,sqft,98118,563037.7
818,6,4.5,2662.5,sqft,3219.0,sqft,98115,2253878.9
819,3,2.0,1374.1,sqft,4834.3,sqft,98118,531646.3
820,3,2.0,697.1,sqft,4601.5,sqft,98106,520270.6
821,5,3.0,1744.2,sqft,6340.9,sqft,98199,1195938.7
822,5,4.0,2638.7,sqft,4931.7,sqft,98119,1187695.8
823,4,3.0,1174.3,sqft,2465.7,sqft,98144,893843.0
824,3,4.0,788.6,sqft,5529.7,sqft,98115,842150.6
825,4,2.5,844.8,sqft,844.7,sqft,98105,559171.6
826,8,7.0,2475.9,sqft,3753.1,sqft,98122,828520.4
827,3,2.5,1196.3,sqft,5835.4,sqft,98116,778363.6
828,3,3.0,1124.9,sqft,4529.7,sqft,98106,475678.2
829,5,2.0,1318.0,sqft,3707.4,sqft,98117,839113.7
830,5,3.0,1318.2,sqft,1336.7,sqft,98117,751755.7
831,3,4.0,2751.8,sqft,2.9,acre,98105,1615608.9
832,4,4.0,1203.5,sqft,5409.5,sqft,98106,591754.6
833,4,3.0,2287.4,sqft,0.2,acre,98133,1038173.4
834,4,3.0,1650.3,sqft,4555.4,sqft,98199,1072091.0
835,4,3.0,817.2,sqft,1420.4,sqft,98116,597192.0
836,5,3.5,1845.1,sqft,5681.5,sqft,98125,704886.4
837,3,3.0,832.0,sqft,5652.4,sqft,98103,496037.0
838,3,3.0,817.8,sqft,3922.0,sqft,98144,729021.3
839,5,3.5,1995.9,sqft,2933.9,sqft,98109,1152413.8
840,4,2.0,1013.9,sqft,5060.2,sqft,98125,781441.6
841,5,5.5,3749.6,sqft,3779.6,sqft,98102,2830790.5
842,4,2.5,1585.5,sqft,1200.4,sqft,98122,957566.0
843,7,4.0,2037.2,sqft,1838.0,sqft,98126,739026.5
844,5,5.0,2246.7,sqft,4895.7,sqft,98115,1285309.4
845,5,5.0,2092.0,sqft,6304.3,sqft,98106,1044695.6
846,6,4.0,2262.0,sqft,6540.6,sqft,98115,1085758.5
847,6,5.5,3227.8,sqft,0.3,acre,98115,1356688.4
848,5,4.5,2308.6,sqft,3859.2,sqft,98117,1281562.3
849,3,3.5,1405.1,sqft,7252.1,sqft,98115,805778.6
850,5,3.5,1598.2,sqft,2049.0,sqft,98102,1336539.4
851,4,3.0,1152.6,sqft,965.6,sqft,98125,615591.6
852,5,3.0,2306.8,sqft,1964.4,sqft,98122,1046053.8
853,4,4.5,1311.1,sqft,2685.6,sqft,98108,723558.8
854,5,3.0,1290.7,sqft,756.8,sqft,98122,689309.5
855,5,3.0,1073.2,sqft,708.3,sqft,98112,783537.4
856,5,3.5,1889.9,sqft,5799.6,sqft,98133,799153.9
857,5,3.5,1183.0,sqft,2131.8,sqft,98144,601561.3
858,5,4.0,3755.4,sqft,7473.3,sqft,98112,2889334.6
859,3,3.0,1115.4,sqft,543.5,sqft,98144,588731.6
860,5,4.5,1547.5,sqft,642.8,sqft,98144,649861.2
861,3,2.5,1202.8,sqft,1590.3,sqft,98144,736177.7
862,4,3.0,893.9,sqft,3098.0,sqft,98112,721747.6
863,3,3.5,1229.1,sqft,3726.9,sqft,98118,685464.2
864,6,4.0,2469.8,sqft,5971.1,sqft,98136,1098891.2
865,5,4.0,2511.2,sqft,6074.0,sqft,98115,1892553.1
866,6,4.0,1586.3,sqft,4212.3,sqft,98136,688782.6
867,5,4.0,1873.5,sqft,5115.5,sqft,98115,853821.5
868,3,3.0,1382.9,sqft,788.4,sqft,98125,623397.4
869,6,5.0,2307.4,sqft,8577.7,sqft,98146,478893.8
870,4,3.0,1128.1,sqft,1.0,acre,98117,347983.7
871,5,5.0,1993.2,sqft,5794.4,sqft,98125,951786.3
872,4,3.0,1287.5,sqft,0.4,acre,98104,866137.3
873,8,9.0,4270.2,sqft,0.3,acre,98105,1828470.8
874,4,2.5,881.9,sqft,1588.4,sqft,98144,576305.9
875,5,4.5,1671.6,sqft,1708.0,sqft,98126,629814.4
876,5,4.5,1389.9,sqft,1041.8,sqft,98103,808838.5
877,4,4.5,1377.0,sqft,1180.3,sqft,98118,543408.7
878,5,3.5,1342.3,sqft,1057.9,sqft,98107,705585.5
879,5,5.5,3691.1,sqft,4641.4,sqft,98116,2072482.6
880,5,2.0,1489.2,sqft,0.3,acre,98115,637206.3
881,6,5.0,1859.7,sqft,3804.9,sqft,98122,990065.8
882,2,2.0,621.9,sqft,6657.5,sqft,98102,371743.2
883,4,3.0,924.1,sqft,528.8,sqft,98115,535603.5
884,4,2.5,1086.0,sqft,1182.7,sqft,98125,540871.2
885,3,3.5,1423.9,sqft,826.8,sqft,98103,639886.8
886,5,4.5,1855.4,sqft,2766.4,sqft,98103,1478427.2
887,6,5.0,2204.7,sqft,6822.8,sqft,98178,723349.9
888,6,3.5,2292.3,sqft,4676.3,sqft,98118,809962.0
889,7,4.5,2320.6,sqft,5366.0,sqft,98133,1077245.6
890,6,4.5,3023.9,sqft,3900.1,sqft,98115,1893722.0
891,5,4.5,1485.6,sqft,1381.6,sqft,98126,842230.5
892,3,2.0,1106.7,sqft,5828.3,sqft,98136,820093.2
893,4,3.0,1157.8,sqft,4568.9,sqft,98106,682004.7
894,5,4.5,1596.2,sqft,1123.4,sqft,98136,839001.3
895,3,4.0,2643.2,sqft,4832.3,sqft,98144,688024.2
896,6,4.0,1240.6,sqft,2700.1,sqft,98103,869514.8
897,5,4.0,2573.5,sqft,6739.1,sqft,98115,1685384.8
898,5,4.0,2126.1,sqft,2560.8,sqft,98115,702269.8
899,4,3.5,895.8,sqft,1694.8,sqft,98107,658312.3
900,6,3.5,1455.5,sqft,2894.2,sqft,98146,629019.2
901,4,2.0,792.6,sqft,5589.5,sqft,98103,857997.1
902,5,3.0,1569.7,sqft,820.1,sqft,98117,880826.4
903,5,4.0,1393.8,sqft,481.3,sqft,98122,832704.2
904,6,4.0,1775.1,sqft,7152.3,sqft,98125,1904402.5
905,5,3.0,2563.9,sqft,5126.1,sqft,98115,1313994.8
906,5,3.0,2104.9,sqft,5774.3,sqft,98136,766305.1
907,4,4.5,1569.4,sqft,1024.2,sqft,98144,750146.6
908,6,6.0,2379.2,sqft,3918.5,sqft,98105,1433032.8
909,5,2.5,2254.0,sqft,0.3,acre,98115,1092177.4
910,4,3.5,2525.7,sqft,1660.9,sqft,98109,1604932.7
911,3,2.5,1468.5,sqft,4521.6,sqft,98106,738710.8
912,5,2.0,925.6,sqft,7117.7,sqft,98106,544195.7
913,4,2.5,1590.4,sqft,0.3,acre,98168,415151.1
914,3,4.0,1444.4,sqft,6894.5,sqft,98125,698982.5
915,6,3.5,3388.7,sqft,0.3,acre,98146,849192.5
916,5,4.5,1493.9,sqft,1249.4,sqft,98103,816258.0
917,4,3.0,1090.8,sqft,0.4,acre,98119,422749.4
918,5,3.5,2390.4,sqft,0.3,acre,98118,1078945.7
919,5,3.5,1535.2,sqft,1347.4,sqft,98103,984982.1
920,4,4.0,1443.3,sqft,0.6,acre,98105,470760.1
921,3,4.5,749.1,sqft,1250.3,sqft,98126,480234.1
922,5,4.5,1472.8,sqft,1423.7,sqft,98119,822258.2
923,5,4.0,1378.3,sqft,656.5,sqft,98117,719708.1
924,3,3.5,1058.7,sqft,2005.0,sqft,98115,799255.3
925,4,3.5,954.0,sqft,918.8,sqft,98117,677277.0
926,4,4.0,1393.4,sqft,3896.8,sqft,98119,1163300.0
927,2,3.0,566.6,sqft,1418.1,sqft,98106,413133.6
928,5,3.0,2013.9,sqft,3993.6,sqft,98112,1159273.3
929,5,3.0,1614.9,sqft,4916.4,sqft,98144,932855.5
930,4,4.5,3460.2,sqft,4901.3,sqft,98116,1558965.6
931,4,3.5,1349.0,sqft,3607.5,sqft,98103,934520.0
932,5,3.5,1734.1,sqft,2959.5,sqft,98178,637471.8
933,6,4.0,2732.5,sqft,5753.8,sqft,98126,847715.3
934,5,4.5,2559.7,sqft,3516.9,sqft,98122,2119284.4
935,4,4.0,984.4,sqft,8758.1,sqft,98106,517606.8
936,4,2.0,2127.2,sqft,0.2,acre,98125,660889.5
937,4,4.0,1316.2,sqft,3085.3,sqft,98125,678663.5
938,4,3.5,2424.9,sqft,3774.3,sqft,98105,917958.2
939,5,5.5,3631.2,sqft,3888.1,sqft,98116,2678677.9
940,6,3.0,2442.0,sqft,7274.2,sqft,98115,1477956.0
941,3,3.0,516.1,sqft,0.3,acre,98104,323466.0
942,3,2.0,787.7,sqft,4388.1,sqft,98108,548761.1
943,5,3.5,1583.8,sqft,6526.4,sqft,98125,734610.9
944,4,5.5,1734.3,sqft,1475.7,sqft,98103,701481.5
945,4,4.5,1293.5,sqft,632.4,sqft,98119,817388.9
946,5,3.0,2646.9,sqft,4627.2,sqft,98144,1193058.7
947,5,4.0,1719.3,sqft,2162.4,sqft,98107,924852.2
948,2,3.0,615.0,sqft,0.6,acre,98115,255304.1
949,3,2.0,799.9,sqft,5014.6,sqft,98118,478172.3
950,5,3.5,1333.4,sqft,1234.5,sqft,98103,669941.2
951,6,5.5,2433.6,sqft,3611.9,sqft,98117,1795465.3
952,5,4.5,2710.2,sqft,3137.5,sqft,98102,1584975.2
953,4,4.5,1332.8,sqft,1093.8,sqft,98133,601682.2
954,4,2.5,1856.2,sqft,4352.4,sqft,98112,1380401.6
955,4,4.5,3095.0,sqft,7227.0,sqft,98177,1558572.8
956,4,5.0,1483.2,sqft,5421.3,sqft,98136,1012567.7
957,5,4.0,2131.5,sqft,7472.8,sqft,98122,1454427.3
958,4,3.0,1106.3,sqft,8696.9,sqft,98168,490171.8
959,3,4.0,1117.5,sqft,885.1,sqft,98115,659258.5
960,5,3.0,1271.8,sqft,7944.1,sqft,98125,738693.3
961,4,3.0,1159.3,sqft,5605.5,sqft,98103,962771.7
962,4,3.0,1562.5,sqft,2943.1,sqft,98103,811521.5
963,5,3.0,2810.2,sqft,5220.7,sqft,98199,1474666.5
964,6,3.0,1997.0,sqft,3319.9,sqft,98116,1145321.6
965,5,4.0,1546.7,sqft,7317.3,sqft,98177,858825.7
966,5,5.5,3254.9,sqft,4248.6,sqft,98112,2668214.2
967,5,5.5,1677.1,sqft,1521.6,sqft,98103,1037974.2
968,5,2.0,1963.1,sqft,3457.0,sqft,98117,818345.8
969,3,4.0,1303.5,sqft,1.8,acre,98121,1262330.1
970,4,4.5,1701.6,sqft,2701.5,sqft,98125,738991.3
971,5,5.5,4046.3,sqft,5185.8,sqft,98112,3447557.1
972,11,11.0,3663.1,sqft,4600.2,sqft,98119,1103761.2
973,5,4.0,1349.5,sqft,773.0,sqft,98107,850542.0
974,6,2.0,1278.6,sqft,3556.2,sqft,98117,820815.5
975,6,2.0,2327.5,sqft,4012.8,sqft,98136,494753.1
976,4,6.5,2000.7,sqft,3248.8,sqft,98109,1712188.5
977,5,4.0,2020.9,sqft,5405.3,sqft,98178,711150.4
978,4,2.0,1351.8,sqft,5767.5,sqft,98118,765808.0
979,3,3.0,529.6,sqft,0.6,acre,98121,325544.4
980,5,3.5,2108.9,sqft,9308.5,sqft,98106,850875.2
981,7,6.5,4787.4,sqft,6456.7,sqft,98122,3231865.8
982,3,3.5,1009.3,sqft,4663.9,sqft,98118,490181.3
983,3,3.5,921.0,sqft,2335.7,sqft,98122,745672.4
984,5,3.0,1737.3,sqft,3341.0,sqft,98105,1121028.5
985,3,3.0,662.1,sqft,3798.1,sqft,98117,532246.7
986,5,4.0,2059.8,sqft,3416.9,sqft,98107,1276985.7
987,6,4.5,2995.1,sqft,4179.1,sqft,98107,1971963.6
988,4,3.5,1730.6,sqft,0.2,acre,98199,955856.7
989,4,4.0,1613.0,sqft,3138.8,sqft,98118,935929.1
990,5,3.0,2121.2,sqft,5732.1,sqft,98126,737575.2
991,6,3.0,1548.9,sqft,2244.5,sqft,98103,1110358.2
992,3,4.0,1724.2,sqft,2132.6,sqft,98133,705559.6
993,6,4.5,2056.7,sqft,2267.0,sqft,98146,693973.9
994,5,5.5,1898.2,sqft,1674.4,sqft,98107,1117183.2
995,3,4.5,1081.7,sqft,5253.6,sqft,98107,740529.2
996,5,2.0,1350.5,sqft,5491.6,sqft,98115,856565.8
997,7,8.0,3900.1,sqft,3536.7,sqft,98119,2090412.3
998,4,3.5,1632.7,sqft,2517.8,sqft,98122,793960.0
999,5,3.5,1235.4,sqft,1153.9,sqft,98107,677779.6
1000,5,4.0,2753.6,sqft,5095.5,sqft,98103,1567299.4
1001,5,4.5,1658.9,sqft,1220.8,sqft,98117,875412.7
1002,4,3.0,1265.2,sqft,5744.7,sqft,98119,904590.7
1003,5,4.5,1677.5,sqft,1407.3,sqft,98199,988007.1
1004,3,2.0,748.6,sqft,515.7,sqft,98103,652202.3
1005,3,3.0,815.2,sqft,3.7,acre,98146,302997.9
1006,5,3.0,2110.6,sqft,8470.6,sqft,98133,914334.7
1007,5,7.0,2831.5,sqft,7835.1,sqft,98125,1433183.3
1008,4,3.0,854.7,sqft,7855.5,sqft,98122,583710.6
1009,4,4.0,2530.4,sqft,3382.0,sqft,98122,683006.5
1010,3,3.0,1066.2,sqft,4141.8,sqft,98106,412481.6
1011,3,3.0,508.3,sqft,90.6,acre,98103,555050.8
1012,6,3.0,1678.0,sqft,7805.3,sqft,98125,838644.0
1013,5,5.0,1485.2,sqft,497.7,sqft,98122,847145.8
1014,5,4.0,1363.8,sqft,1231.0,sqft,98103,1101991.1
1015,3,3.0,759.5,sqft,0.7,acre,98136,456464.7
1016,7,4.0,2885.3,sqft,6721.2,sqft,98118,814967.2
1017,6,3.0,2314.4,sqft,3698.3,sqft,98107,1179084.9
1018,6,5.5,2074.9,sqft,4455.8,sqft,98103,1454267.1
1019,5,2.0,1433.5,sqft,6797.5,sqft,98115,1079750.0
1020,3,2.0,918.8,sqft,0.3,acre,98168,444672.2
1021,3,2.5,1530.8,sqft,7043.0,sqft,98112,1406968.3
1022,2,3.0,656.9,sqft,463.8,sqft,98144,584139.1
1023,3,3.5,1320.1,sqft,2.0,acre,98102,2035067.1
1024,6,4.5,3921.0,sqft,3112.4,sqft,98116,2850047.5
1025,4,3.0,898.7,sqft,0.3,acre,98199,429397.0
1026,6,4.0,1789.3,sqft,5598.7,sqft,98136,923867.0
1027,3,2.0,1201.0,sqft,7310.2,sqft,98133,596421.3
1028,4,2.0,1013.9,sqft,1.8,acre,98115,285370.7
1029,7,4.0,3174.2,sqft,7039.0,sqft,98115,650908.0
1030,6,4.0,1733.5,sqft,4615.1,sqft,98115,935560.2
1031,4,3.0,848.5,sqft,3706.5,sqft,98178,473276.1
1032,6,3.5,1424.7,sqft,2360.2,sqft,98144,1058771.8
1033,6,4.0,2922.8,sqft,5460.0,sqft,98119,1366053.8
1034,5,4.0,1360.0,sqft,5829.1,sqft,98115,876635.9
1035,5,4.0,1466.1,sqft,5364.3,sqft,98136,747163.6
1036,5,3.5,2066.1,sqft,5009.5,sqft,98117,880630.1
1037,5,6.5,3006.1,sqft,8871.2,sqft,98125,1350897.1
1038,3,2.0,492.6,sqft,4785.5,sqft,98107,300086.8
1039,4,3.0,1495.0,sqft,1120.1,sqft,98117,890778.4
1040,4,5.0,3285.0,sqft,7663.2,sqft,98136,1082597.1
1041,3,3.0,1701.8,sqft,8.5,acre,98115,632830.5
1042,3,2.5,968.6,sqft,1036.5,sqft,98125,541288.9
1043,3,3.0,1106.2,sqft,1269.0,sqft,98199,778601.6
1044,5,5.5,1352.5,sqft,1371.6,sqft,98126,654953.9
1045,4,2.0,905.5,sqft,4087.6,sqft,98112,699239.1
1046,3,4.5,1050.3,sqft,1232.5,sqft,98115,783865.5
1047,6,5.5,2870.6,sqft,4789.9,sqft,98144,1819202.2
1048,2,2.0,471.8,sqft,543.4,sqft,98109,258142.4
1049,4,4.0,1768.9,sqft,3189.3,sqft,98105,1052247.6
1050,3,2.0,713.0,sqft,6189.2,sqft,98126,484655.8
1051,5,3.0,1411.0,sqft,8260.9,sqft,98133,784507.3
1052,4,3.0,1206.2,sqft,5960.5,sqft,98117,740001.4
1053,4,5.0,1573.7,sqft,6546.6,sqft,98136,1238561.9
1054,6,5.5,2871.2,sqft,4900.3,sqft,98105,1668705.5
1055,4,4.5,3950.1,sqft,9242.7,sqft,98116,2587104.6
1056,5,5.5,3238.0,sqft,3915.1,sqft,98144,1885198.7
1057,4,5.0,2517.0,sqft,2327.5,sqft,98112,1248989.7
1058,5,4.0,1900.5,sqft,3698.1,sqft,98117,901922.3
1059,4,3.0,853.2,sqft,4843.8,sqft,98126,522794.9
1060,5,3.5,1600.6,sqft,4683.7,sqft,98115,805877.5
1061,6,4.0,2268.3,sqft,7866.1,sqft,98177,821319.4
1062,4,4.5,1248.5,sqft,900.4,sqft,98144,627583.7
1063,6,4.0,1748.9,sqft,3933.0,sqft,98107,1223012.1
1064,4,4.5,2269.4,sqft,4333.3,sqft,98126,743851.4
1065,5,6.0,2211.3,sqft,5623.6,sqft,98115,1123883.5
1066,5,4.5,1550.6,sqft,2302.1,sqft,98105,688663.6
1067,5,3.5,2143.9,sqft,7560.8,sqft,98178,500737.2
1068,2,2.0,874.2,sqft,5272.6,sqft,98104,848069.7
1069,5,5.0,1847.2,sqft,2331.0,sqft,98107,1007420.7
1070,6,7.0,1909.4,sqft,4974.9,sqft,98106,639599.0
1071,6,3.0,1956.6,sqft,2145.3,sqft,98136,776872.4
1072,4,5.0,1082.1,sqft,956.5,sqft,98116,662676.3
1073,6,4.5,2481.5,sqft,4108.9,sqft,98122,1310574.0
1074,5,4.0,1839.0,sqft,3913.4,sqft,98115,1019132.4
1075,6,4.5,3141.5,sqft,8817.9,sqft,98136,1887755.4
1076,5,3.0,2368.0,sqft,3394.0,sqft,98112,825852.4
1077,4,4.0,1348.3,sqft,7345.6,sqft,98168,374780.5
1078,4,4.0,1061.8,sqft,0.4,acre,98103,462671.7
1079,4,2.0,1410.9,sqft,7101.3,sqft,98133,645234.3
1080,5,4.5,1924.0,sqft,2073.8,sqft,98117,1009780.9
1081,3,5.0,1007.7,sqft,2.6,acre,98133,421126.8
1082,6,4.5,3263.4,sqft,6667.9,sqft,98125,1526527.8
1083,5,3.0,2904.1,sqft,4808.4,sqft,98199,1605655.8
1084,6,4.5,2322.6,sqft,8524.0,sqft,98146,522090.4
1085,5,3.0,1741.6,sqft,4798.9,sqft,98126,613325.2
1086,4,3.0,1381.8,sqft,0.3,acre,98104,680806.0
1087,5,2.0,3883.5,sqft,0.2,acre,98118,695801.9
1088,5,3.0,933.1,sqft,9562.6,sqft,98136,734607.7
1089,6,3.0,2186.4,sqft,3247.7,sqft,98105,1249531.6
1090,6,5.0,2697.0,sqft,7021.7,sqft,98117,1533695.5
1091,4,2.0,1602.7,sqft,2807.1,sqft,98118,573197.6
1092,5,3.0,1433.2,sqft,1114.2,sqft,98136,790424.0
1093,4,3.5,1015.1,sqft,0.7,acre,98133,428109.3
1094,6,4.0,1962.5,sqft,7466.8,sqft,98106,739977.5
1095,4,4.5,3064.6,sqft,2459.5,sqft,98112,2191753.0
1096,4,4.0,1122.1,sqft,1165.9,sqft,98122,684517.6
1097,4,4.0,1148.7,sqft,564.6,sqft,98117,700395.9
1098,4,4.5,1439.1,sqft,1119.3,sqft,98122,964741.9
1099,8,6.0,2171.4,sqft,2628.3,sqft,98122,989892.5
1100,6,5.0,2431.7,sqft,5876.4,sqft,98115,1275872.0
1101,4,4.0,1796.6,sqft,1074.3,sqft,98102,1947653.8
1102,6,4.0,1390.0,sqft,3249.9,sqft,98122,1097502.8
1103,5,4.0,2217.3,sqft,4146.0,sqft,98144,518920.5
1104,3,3.0,1441.8,sqft,5738.5,sqft,98108,664588.7
1105,4,4.5,1234.0,sqft,955.4,sqft,98117,671469.9
1106,5,3.0,1326.9,sqft,910.0,sqft,98107,673977.0
1107,3,3.0,1122.0,sqft,1016.8,sqft,98103,823766.9
1108,5,4.5,911.7,sqft,551.9,sqft,98118,582709.0
1109,11,7.0,2740.0,sqft,7185.4,sqft,98178,769349.9
1110,5,4.5,1359.9,sqft,1058.8,sqft,98118,536162.2
1111,4,3.0,1205.4,sqft,851.8,sqft,98122,822552.2
1112,5,4.0,2402.9,sqft,3885.1,sqft,98117,1041277.8
1113,4,3.0,1231.8,sqft,798.0,sqft,98103,895808.8
1114,2,3.0,569.5,sqft,0.3,acre,98109,364561.7
1115,5,4.0,2427.7,sqft,7997.4,sqft,98115,961505.4
1116,6,2.0,1306.9,sqft,5043.6,sqft,98178,431786.8
1117,6,5.0,1939.3,sqft,4882.5,sqft,98117,1290436.7
1118,4,4.0,1376.1,sqft,4947.1,sqft,98126,1022363.9
1119,3,5.0,888.3,sqft,656.1,sqft,98107,646695.8
1120,5,4.5,1707.0,sqft,1719.6,sqft,98103,1250258.4
1121,5,3.0,1782.8,sqft,3642.1,sqft,98103,764470.0
1122,4,4.5,2977.3,sqft,7132.7,sqft,98177,1344579.6
1123,5,3.0,2352.7,sqft,3802.7,sqft,98115,978631.5
1124,6,6.0,2158.7,sqft,5232.3,sqft,98108,938874.7
1125,5,3.5,1843.5,sqft,1173.8,sqft,98106,657411.8
1126,3,3.0,904.1,sqft,4525.9,sqft,98144,770985.8
1127,4,2.0,674.3,sqft,6058.1,sqft,98105,24049537.7
1128,5,4.0,1437.7,sqft,4307.2,sqft,98133,912641.3
1129,4,3.0,1975.8,sqft,6194.3,sqft,98108,775239.1
1130,5,5.0,1374.5,sqft,1158.5,sqft,98177,759145.6
1131,6,4.5,3578.4,sqft,1.1,acre,98177,2083808.0
1132,5,4.0,1968.5,sqft,1818.7,sqft,98126,770982.7
1133,7,4.0,3460.3,sqft,6006.5,sqft,98115,2174775.6
1134,3,2.0,1070.3,sqft,733.0,sqft,98107,734658.2
1135,3,3.0,703.9,sqft,4926.0,sqft,98106,504135.4
1136,5,4.0,1110.1,sqft,8642.5,sqft,98178,378844.2
1137,6,5.0,2151.7,sqft,8008.0,sqft,98118,599623.3
1138,6,3.0,1588.7,sqft,5798.0,sqft,98115,814149.3
1139,7,4.0,2424.0,sqft,5033.7,sqft,98117,1117932.9
1140,5,4.5,1355.6,sqft,1622.3,sqft,98103,686509.7
1141,4,2.0,974.9,sqft,3625.4,sqft,98133,432888.1
1142,3,2.0,1403.9,sqft,3865.6,sqft,98117,793814.0
1143,6,3.0,1908.2,sqft,5626.0,sqft,98108,544479.4
1144,5,4.0,1664.1,sqft,4761.3,sqft,98136,955915.6
1145,3,4.0,1598.4,sqft,5772.5,sqft,98108,689840.6
1146,5,5.5,2785.9,sqft,3560.1,sqft,98103,1728882.3
1147,4,2.0,2310.8,sqft,5673.5,sqft,98108,601602.0
1148,6,7.0,3599.1,sqft,0.3,acre,98177,1115354.2
1149,4,4.5,1035.2,sqft,803.9,sqft,98112,852795.3
1150,4,3.5,1521.1,sqft,3722.5,sqft,98122,1059657.5
1151,6,3.5,2051.9,sqft,3218.9,sqft,98107,977282.1
1152,3,2.0,798.4,sqft,2956.1,sqft,98107,744003.0
1153,5,4.0,1200.2,sqft,2393.3,sqft,98103,855046.8
1154,5,2.0,883.8,sqft,3990.1,sqft,98119,650035.8
1155,6,5.5,3561.5,sqft,0.3,acre,98118,1232782.6
1156,4,4.0,983.3,sqft,3.2,acre,98112,641495.5
1157,6,3.0,1409.9,sqft,965.2,sqft,98109,1132636.4
1158,5,4.0,2069.8,sqft,4669.0,sqft,98136,917351.8
1159,6,4.0,2237.2,sqft,3928.4,sqft,98103,1586837.9
1160,6,4.0,2183.9,sqft,3926.1,sqft,98117,940661.3
1161,4,5.5,1633.3,sqft,939.2,sqft,98109,1395153.1
1162,3,4.0,1103.0,sqft,561.6,sqft,98144,580138.5
1163,5,4.0,1698.6,sqft,7924.0,sqft,98125,848937.6
1164,3,2.0,351.4,sqft,0.2,acre,98199,918114.0
1165,5,4.0,1845.7,sqft,4620.6,sqft,98107,885274.2
1166,6,3.5,3339.9,sqft,5412.7,sqft,98112,2062396.5
1167,4,4.0,1314.4,sqft,7588.9,sqft,98125,755840.7
1168,4,3.0,855.0,sqft,852.1,sqft,98116,592338.4
1169,8,3.0,2043.6,sqft,4903.0,sqft,98118,686614.2
1170,6,3.0,3818.4,sqft,7734.7,sqft,98119,2181194.2
1171,5,4.5,2106.7,sqft,2848.1,sqft,98117,1071785.0
1172,4,2.0,799.1,sqft,1895.0,sqft,98117,432283.0
1173,5,3.5,2060.6,sqft,4937.8,sqft,98108,785543.7
1174,4,2.0,1129.5,sqft,5451.0,sqft,98119,724235.2
1175,3,3.0,643.5,sqft,0.9,acre,98102,921517.3
1176,5,4.5,1722.5,sqft,0.9,acre,98118,624730.8
1177,6,4.5,2985.9,sqft,7630.4,sqft,98115,955642.9
1178,6,4.0,1597.6,sqft,7111.7,sqft,98178,471912.1
1179,5,3.0,2407.9,sqft,3922.0,sqft,98105,1146739.1
1180,6,4.0,2288.9,sqft,4580.1,sqft,98144,1221348.9
1181,6,3.0,2724.6,sqft,5798.3,sqft,98122,1091677.2
1182,6,4.5,3033.5,sqft,2850.1,sqft,98102,1488760.8
1183,6,6.0,3083.4,sqft,3123.5,sqft,98105,1949826.3
1184,6,4.5,3116.2,sqft,8026.7,sqft,98126,1181781.6
1185,3,4.0,1310.6,sqft,717.5,sqft,98122,737441.6
1186,5,4.0,1537.0,sqft,7152.3,sqft,98117,1161058.0
1187,4,3.5,1723.7,sqft,5858.0,sqft,98118,484023.0
1188,2,3.0,537.7,sqft,4246.3,sqft,98102,374482.9
1189,4,3.0,1244.4,sqft,0.2,acre,98146,581137.2
1190,5,2.0,809.7,sqft,5317.1,sqft,98125,654050.7
1191,4,5.5,1709.2,sqft,1218.0,sqft,98117,960209.4
1192,6,4.0,2071.6,sqft,6682.6,sqft,98125,802745.6
1193,3,3.0,1322.5,sqft,992.6,sqft,98122,930312.0
1194,4,3.5,1325.8,sqft,684.2,sqft,98107,715488.8
1195,4,2.5,785.0,sqft,927.4,sqft,98115,688915.1
1196,6,6.5,2769.3,sqft,2999.0,sqft,98112,489814.4
1197,5,3.0,2072.1,sqft,3630.3,sqft,98107,844707.1
1198,3,3.0,797.8,sqft,1004.0,sqft,98116,623087.3
1199,3,2.0,1030.0,sqft,0.6,acre,98121,711155.7
1200,6,3.0,1662.5,sqft,7192.5,sqft,98117,1059735.8
1201,4,3.0,1314.0,sqft,7902.9,sqft,98116,883523.1
1202,4,4.5,2435.3,sqft,7727.4,sqft,98136,1341304.4
1203,6,4.0,2445.9,sqft,7563.8,sqft,98168,765734.5
1204,4,3.5,1003.1,sqft,1190.5,sqft,98102,737318.1
1205,5,5.0,2553.8,sqft,3563.4,sqft,98115,1079573.6
1206,6,5.5,2818.5,sqft,3652.1,sqft,98144,1811520.9
1207,4,4.0,1496.8,sqft,4589.9,sqft,98116,975208.1
1208,4,2.0,862.2,sqft,3.5,acre,98105,367025.9
1209,4,4.0,1976.6,sqft,5436.3,sqft,98116,1297581.7
1210,5,4.0,1893.2,sqft,8694.0,sqft,98105,1228097.1
1211,5,3.0,1397.8,sqft,6229.2,sqft,98126,767284.9
1212,4,4.0,1437.3,sqft,2305.3,sqft,98117,1126521.3
1213,3,3.0,737.9,sqft,4706.2,sqft,98107,458331.8
1214,5,3.0,1917.6,sqft,3785.7,sqft,98105,904280.3
1215,3,3.0,885.9,sqft,1948.5,sqft,98117,790807.2
1216,5,3.5,1570.1,sqft,7411.6,sqft,98106,858641.0
1217,4,5.5,1848.7,sqft,1107.6,sqft,98105,817506.1
1218,4,3.0,1550.1,sqft,6488.7,sqft,98116,846033.0
1219,6,3.0,1526.2,sqft,4490.2,sqft,98103,1214425.4
1220,4,3.5,1559.4,sqft,4765.5,sqft,98115,1143602.6
1221,2,4.0,1114.3,sqft,0.4,acre,98122,650103.1
1222,3,5.0,1238.2,sqft,1074.8,sqft,98106,477193.9
1223,4,2.5,1947.2,sqft,4946.1,sqft,98118,824055.4
1224,4,3.0,1027.8,sqft,8474.5,sqft,98125,683107.3
1225,6,5.5,2994.0,sqft,4367.7,sqft,98103,739199.5
1226,5,3.0,1077.4,sqft,8651.7,sqft,98168,507661.7
1227,5,3.0,1653.2,sqft,4786.6,sqft,98118,620306.7
1228,4,4.0,1304.0,sqft,1129.1,sqft,98107,676771.2
1229,5,4.5,2875.0,sqft,3490.3,sqft,98125,1342307.6
1230,5,2.5,1588.3,sqft,6468.9,sqft,98133,692820.2
1231,3,2.0,623.4,sqft,7950.1,sqft,98125,570399.7
1232,4,3.0,813.0,sqft,5814.9,sqft,98168,394389.8
1233,7,4.5,3201.6,sqft,4121.8,sqft,98109,3023407.5
1234,4,3.0,1193.4,sqft,2045.9,sqft,98103,680775.4
1235,4,4.0,1020.8,sqft,4968.6,sqft,98122,609811.2
1236,4,4.5,1672.6,sqft,2469.1,sqft,98117,1109350.1
1237,3,3.0,899.5,sqft,3092.2,sqft,98118,528024.9
1238,5,4.5,1716.1,sqft,1523.9,sqft,98103,976910.3
1239,4,3.0,1085.0,sqft,1226.4,sqft,98122,685391.2
1240,5,4.0,1860.0,sqft,0.3,acre,98109,999056.1
1241,5,4.0,1747.7,sqft,4910.1,sqft,98117,1100973.3
1242,5,3.0,2183.5,sqft,4208.1,sqft,98119,1102172.0
1243,4,3.5,1297.0,sqft,1168.0,sqft,98117,796142.3
1244,5,3.5,2227.3,sqft,5410.2,sqft,98199,1716807.9
1245,5,4.0,2601.8,sqft,8914.3,sqft,98117,1275158.2
1246,7,4.0,2573.2,sqft,5539.1,sqft,98119,925306.8
1247,3,2.0,480.9,sqft,0.6,acre,98121,296166.6
1248,2,2.0,760.7,sqft,8696.5,sqft,98106,487664.6
1249,6,5.0,1924.1,sqft,4133.4,sqft,98136,846367.0
1250,4,3.0,903.4,sqft,1229.6,sqft,98117,693484.3
1251,4,3.5,1703.2,sqft,9672.6,sqft,98168,480024.7
1252,5,4.5,1022.5,sqft,1079.2,sqft,98117,743447.7
1253,5,4.5,1792.2,sqft,967.3,sqft,98103,973329.2
1254,5,2.5,1292.8,sqft,5695.4,sqft,98117,968477.1
1255,4,3.0,1321.3,sqft,2836.3,sqft,98144,810032.7
1256,5,3.0,1019.5,sqft,1.0,acre,98117,790631.9
1257,5,2.0,1035.4,sqft,3981.9,sqft,98106,429539.0
1258,4,2.0,947.4,sqft,6441.8,sqft,98178,444804.1
1259,3,3.5,1353.0,sqft,5442.2,sqft,98118,919836.7
1260,5,4.0,1715.8,sqft,6354.0,sqft,98106,656024.4
1261,5,3.0,2293.3,sqft,4299.4,sqft,98144,937397.9
1262,6,5.5,2773.9,sqft,3624.0,sqft,98108,898256.6
1263,4,3.0,1450.7,sqft,1434.5,sqft,98103,679701.1
1264,4,4.5,1597.0,sqft,1688.3,sqft,98112,1337933.9
1265,3,2.0,365.5,sqft,0.2,acre,98199,958469.1
1266,3,3.0,1136.3,sqft,5119.4,sqft,98116,156686.4
1267,4,3.5,1647.7,sqft,1558.5,sqft,98117,997536.1
1268,6,4.0,1612.3,sqft,6665.3,sqft,98106,628383.8
1269,5,3.0,1571.6,sqft,4915.9,sqft,98136,872414.1
1270,5,6.5,3068.8,sqft,3420.3,sqft,98119,2012571.8
1271,6,4.0,1574.6,sqft,4005.5,sqft,98118,644039.7
1272,6,4.0,2001.3,sqft,8602.1,sqft,98168,546391.2
1273,5,4.0,1679.4,sqft,3270.5,sqft,98115,811849.3
1274,5,5.5,2900.6,sqft,3079.2,sqft,98122,2442964.5
1275,4,4.0,1709.9,sqft,7465.2,sqft,98125,609337.2
1276,3,2.0,1259.9,sqft,6487.7,sqft,98115,790695.9
1277,5,4.0,1609.6,sqft,3210.8,sqft,98199,1187704.1
1278,5,3.0,1384.6,sqft,1006.7,sqft,98107,849768.3
1279,5,5.0,2215.0,sqft,5679.4,sqft,98199,1335943.8
1280,2,2.0,784.6,sqft,0.5,acre,98121,449391.6
1281,5,5.5,2672.7,sqft,7002.7,sqft,98125,1312378.4
1282,6,5.0,2202.4,sqft,4992.6,sqft,98118,777590.3
1283,6,2.0,2395.6,sqft,0.3,acre,98178,714547.5
1284,5,2.0,1709.0,sqft,5415.2,sqft,98119,873994.7
1285,6,5.5,2373.7,sqft,3284.8,sqft,98118,834900.3
1286,6,5.5,1911.7,sqft,1806.1,sqft,98116,1137649.4
1287,6,5.5,3711.2,sqft,5690.3,sqft,98112,2806299.1
1288,6,4.0,2116.4,sqft,0.2,acre,98168,579276.3
1289,6,4.0,2504.5,sqft,4152.8,sqft,98105,1520215.2
1290,7,4.0,2658.9,sqft,2758.9,sqft,98103,1119498.8
1291,3,3.0,1398.2,sqft,1649.3,sqft,98115,838241.9
1292,4,4.5,2611.3,sqft,4111.3,sqft,98126,1591523.8
1293,7,6.5,3304.6,sqft,4747.2,sqft,98117,1954957.6
1294,5,2.0,1199.3,sqft,3360.6,sqft,98109,976257.7
1295,3,3.0,769.3,sqft,7527.9,sqft,98118,632678.2
1296,6,8.0,6776.2,sqft,4546.9,sqft,98103,1713572.8
1297,4,4.5,803.7,sqft,1594.9,sqft,98115,662471.6
1298,4,3.5,1966.7,sqft,4855.3,sqft,98122,1271530.8
1299,4,3.0,1133.0,sqft,530.9,sqft,98117,640021.1
1300,4,3.0,1662.2,sqft,7877.2,sqft,98115,1029316.8
1301,6,5.0,1652.2,sqft,5344.4,sqft,98116,1010471.8
1302,5,3.0,1152.2,sqft,5553.2,sqft,98126,616991.8
1303,4,2.5,704.3,sqft,802.5,sqft,98116,511835.0
1304,5,3.0,1691.1,sqft,4937.7,sqft,98199,942420.7
1305,2,3.0,638.4,sqft,3.9,acre,98115,280783.5
1306,5,4.5,1273.1,sqft,1379.2,sqft,98126,488249.5
1307,3,3.0,1601.4,sqft,6270.6,sqft,98106,591672.6
1308,4,4.0,1571.7,sqft,4661.9,sqft,98106,667228.4
1309,4,5.5,1226.1,sqft,1199.2,sqft,98103,675510.7
1310,5,2.0,874.5,sqft,8015.0,sqft,98177,580366.8
1311,7,3.0,2086.3,sqft,7747.2,sqft,98122,856683.6
1312,6,5.5,2706.5,sqft,3628.6,sqft,98103,1879651.8
1313,6,4.0,2234.6,sqft,4488.2,sqft,98103,1661767.1
1314,5,5.0,1308.7,sqft,5967.1,sqft,98115,918290.9
1315,4,4.5,1414.1,sqft,2657.4,sqft,98108,782456.5
1316,3,4.0,1163.5,sqft,730.9,sqft,98122,746297.9
1317,6,5.0,3104.7,sqft,6889.0,sqft,98144,1793025.1
1318,5,2.0,1134.7,sqft,5469.5,sqft,98118,561827.4
1319,5,3.0,1099.9,sqft,882.5,sqft,98144,731202.1
1320,4,3.0,1255.5,sqft,7961.1,sqft,98125,833760.1
1321,3,4.0,1183.5,sqft,1908.4,sqft,98125,590738.8
1322,5,4.0,2609.3,sqft,5543.1,sqft,98177,905287.5
1323,3,2.0,646.7,sqft,5902.3,sqft,98126,460572.9
1324,4,5.5,1161.8,sqft,1125.9,sqft,98116,629170.9
1325,6,5.0,2783.5,sqft,3917.1,sqft,98126,1217364.2
1326,3,4.0,1138.9,sqft,1027.1,sqft,98115,700181.2
1327,5,3.0,1415.0,sqft,3750.3,sqft,98115,688287.5
1328,4,2.0,935.2,sqft,0.3,acre,98146,468077.5
1329,4,3.5,1527.1,sqft,3.6,acre,98126,590098.5
1330,3,3.0,1068.5,sqft,4417.0,sqft,98107,724321.9
1331,5,5.5,2617.0,sqft,5724.8,sqft,98199,1598218.8
1332,4,3.5,2846.0,sqft,4005.7,sqft,98112,2383432.5
1333,6,5.5,2268.7,sqft,2754.0,sqft,98103,1719769.4
1334,4,3.5,2633.0,sqft,9028.9,sqft,98133,922990.7
1335,7,4.0,3266.1,sqft,3668.3,sqft,98109,1951038.6
1336,4,4.5,1203.3,sqft,912.6,sqft,98107,811109.1
1337,5,4.5,2345.8,sqft,6810.3,sqft,98125,1087711.9
1338,4,5.5,1460.2,sqft,1289.2,sqft,98144,911159.7
1339,4,4.0,2091.2,sqft,5650.0,sqft,98199,1305253.9
1340,6,5.0,2146.2,sqft,2654.5,sqft,98103,1192390.0
1341,6,4.0,1611.1,sqft,4752.0,sqft,98117,1110071.0
1342,5,3.0,2172.5,sqft,7689.4,sqft,98105,1943710.0
1343,7,4.0,1711.4,sqft,7797.5,sqft,98118,853001.3
1344,6,4.5,2842.6,sqft,5618.2,sqft,98105,1566945.7
1345,6,8.5,6011.7,sqft,6337.3,sqft,98115,3070849.0
1346,3,3.0,733.0,sqft,5079.2,sqft,98115,586461.4
1347,2,3.0,753.7,sqft,0.3,acre,98121,536959.1
1348,5,4.0,1525.4,sqft,1426.8,sqft,98125,635712.4
1349,3,2.0,1183.5,sqft,1810.9,sqft,98144,675116.2
1350,4,2.5,1149.8,sqft,4628.8,sqft,98117,803749.7
1351,5,4.0,2000.4,sqft,2254.7,sqft,98108,728968.5
1352,4,3.0,822.0,sqft,846.8,sqft,98116,603683.0
1353,6,4.0,2366.1,sqft,5407.0,sqft,98105,1242755.9
1354,6,3.5,1738.1,sqft,2508.2,sqft,98144,902876.6
1355,3,4.5,970.2,sqft,1327.6,sqft,98136,649915.7
1356,2,3.0,471.0,sqft,1.2,acre,98109,359011.3
1357,5,4.5,1545.6,sqft,1157.7,sqft,98144,748791.4
1358,6,4.0,1686.4,sqft,7555.4,sqft,98126,790867.6
1359,6,5.0,1700.2,sqft,0.2,acre,98125,867631.9
1360,3,3.0,1425.9,sqft,993.4,sqft,98126,676060.7
1361,5,3.0,2211.6,sqft,2551.2,sqft,98103,957452.7
1362,5,4.0,2680.8,sqft,4913.4,sqft,98103,1350101.6
1363,5,3.0,1582.5,sqft,1079.8,sqft,98103,1114262.3
1364,4,3.0,1379.1,sqft,1214.1,sqft,98117,758287.5
1365,7,5.5,5100.4,sqft,0.2,acre,98144,2795868.4
1366,6,4.0,2099.8,sqft,5525.5,sqft,98115,1146573.2
1367,5,2.5,992.6,sqft,6192.7,sqft,98178,503254.5
1368,4,3.0,1090.5,sqft,7161.0,sqft,98118,558891.2
1369,7,4.0,2532.0,sqft,4288.9,sqft,98109,1479670.5
1370,6,5.5,3002.0,sqft,5300.9,sqft,98105,2599848.0
1371,6,4.5,3442.1,sqft,4735.3,sqft,98199,2290223.9
1372,5,5.5,1560.9,sqft,0.3,acre,98136,802266.5
1373,8,8.0,4387.9,sqft,4944.3,sqft,98112,1676088.3
1374,4,5.5,1693.9,sqft,2160.2,sqft,98107,1077847.7
1375,5,3.0,1170.6,sqft,5228.3,sqft,98117,647032.6
1376,3,2.0,1707.5,sqft,4100.2,sqft,98126,521151.6
1377,2,2.5,1269.4,sqft,0.9,acre,98121,1177911.1
1378,6,3.5,3464.0,sqft,7313.5,sqft,98177,2071382.5
1379,5,3.0,1047.5,sqft,5190.0,sqft,98106,552975.8
1380,8,6.0,2970.5,sqft,6401.2,sqft,98105,3486240.3
1381,5,4.0,2105.3,sqft,4290.5,sqft,98115,807111.0
1382,4,2.0,1379.8,sqft,6391.1,sqft,98146,463885.9
1383,6,3.0,2488.2,sqft,4585.1,sqft,98144,1458643.0
1384,5,3.0,1847.0,sqft,3010.5,sqft,98103,824913.0
1385,7,5.0,2355.8,sqft,2437.1,sqft,98109,1705191.6
1386,2,3.0,725.6,sqft,3.7,acre,98146,229283.6
1387,5,5.5,1443.2,sqft,1194.3,sqft,98144,865360.5
1388,4,2.5,1493.1,sqft,3800.5,sqft,98117,892114.1
1389,6,5.0,2243.5,sqft,7791.9,sqft,98199,1806724.5
1390,6,6.0,3312.0,sqft,4112.1,sqft,98112,1987263.8
1391,4,5.5,1809.9,sqft,1433.7,sqft,98103,970672.0
1392,3,4.0,1513.8,sqft,8.5,acre,98115,616409.8
1393,3,2.0,936.2,sqft,3911.7,sqft,98144,321933.1
1394,3,3.0,1356.6,sqft,5404.6,sqft,98116,1191314.7
1395,4,4.0,1904.8,sqft,3844.3,sqft,98144,628268.0
1396,6,4.5,2617.3,sqft,8840.2,sqft,98136,1436384.2
1397,7,5.5,3113.6,sqft,4568.0,sqft,98115,1656925.4
1398,3,2.5,2197.7,sqft,3885.9,sqft,98144,633466.1
1399,5,4.0,1969.7,sqft,7315.3,sqft,98168,498138.4
1400,4,4.0,1070.5,sqft,1581.7,sqft,98115,704300.9
1401,5,3.5,931.0,sqft,5558.0,sqft,98125,687653.2
1402,3,3.0,969.2,sqft,1458.2,sqft,98144,577701.1
1403,5,4.5,1692.6,sqft,4556.5,sqft,98103,991713.1
1404,2,3.0,441.8,sqft,7633.0,sqft,98108,1235579.2
1405,4,3.0,1469.9,sqft,943.1,sqft,98122,821668.7
1406,7,4.0,2676.3,sqft,5876.2,sqft,98103,1092578.0
1407,5,5.5,2351.1,sqft,4608.7,sqft,98122,1372029.5
1408,7,5.0,2101.0,sqft,6115.9,sqft,98168,712368.2
1409,7,5.0,2283.7,sqft,2803.3,sqft,98117,1364791.9
1410,5,4.0,2040.2,sqft,3953.1,sqft,98117,760740.8
1411,3,3.0,692.7,sqft,7180.9,sqft,98126,519083.9
1412,5,3.5,1911.2,sqft,4644.9,sqft,98116,1158675.2
1413,3,2.0,1672.1,sqft,2360.8,sqft,98105,24526519.3
1414,4,3.0,1067.8,sqft,728.9,sqft,98106,510815.0
1415,5,4.0,1877.2,sqft,5359.8,sqft,98117,1586767.1
1416,5,5.5,1075.4,sqft,1122.2,sqft,98103,564353.2
1417,5,3.0,1108.3,sqft,0.9,acre,98107,765439.2
1418,3,3.0,745.1,sqft,6262.6,sqft,98146,411679.2
1419,3,3.0,642.0,sqft,0.4,acre,98119,374974.3
1420,4,4.5,1868.6,sqft,2346.3,sqft,98122,1104975.5
1421,6,5.5,3660.9,sqft,7408.4,sqft,98133,1669875.6
1422,7,4.0,2666.1,sqft,7184.4,sqft,98117,1338735.7
1423,5,4.0,1410.1,sqft,4578.8,sqft,98116,729600.1
1424,5,2.5,2578.4,sqft,3001.1,sqft,98119,792073.7
1425,4,5.5,1611.3,sqft,1385.0,sqft,98103,941895.0
1426,5,2.0,1071.9,sqft,7929.9,sqft,98133,753996.9
1427,5,4.0,2145.4,sqft,7918.9,sqft,98125,1033169.6
1428,4,3.0,915.3,sqft,1991.2,sqft,98106,465317.6
1429,3,4.0,996.0,sqft,0.3,acre,98102,665667.5
1430,5,4.0,1544.9,sqft,1133.9,sqft,98125,653114.5
1431,4,3.0,804.5,sqft,7458.2,sqft,98125,619407.0
1432,2,2.0,685.3,sqft,0.9,acre,98144,520638.8
1433,5,3.5,1641.1,sqft,5678.3,sqft,98106,540170.2
1434,5,4.0,2055.9,sqft,6737.1,sqft,98115,865985.9
1435,6,4.0,1886.9,sqft,5730.9,sqft,98103,855279.2
1436,4,3.0,1727.7,sqft,2269.6,sqft,98144,647480.1
1437,5,3.5,2705.2,sqft,5189.3,sqft,98112,1576501.0
1438,6,5.5,2765.3,sqft,4826.1,sqft,98107,1443534.9
1439,4,2.0,656.7,sqft,4214.1,sqft,98106,458125.5
1440,6,4.5,2031.4,sqft,4312.2,sqft,98136,976606.3
1441,6,3.5,1764.2,sqft,9235.6,sqft,98133,721538.5
1442,5,4.0,1418.0,sqft,5146.0,sqft,98144,1023032.3
1443,5,3.0,2030.2,sqft,7458.5,sqft,98178,545248.5
1444,3,4.0,974.5,sqft,0.2,acre,98103,643777.8
1445,4,5.5,1348.7,sqft,1004.7,sqft,98115,796682.3
1446,6,4.5,2170.6,sqft,2259.8,sqft,98115,950735.0
1447,6,5.0,2295.9,sqft,4378.9,sqft,98112,1356787.3
1448,4,3.0,1449.0,sqft,2072.8,sqft,98106,581144.0
1449,5,3.5,965.6,sqft,4212.6,sqft,98122,753727.2
1450,6,4.0,1964.0,sqft,7430.0,sqft,98115,1073395.4
1451,5,3.0,1650.2,sqft,5383.9,sqft,98136,658496.1
1452,5,4.0,2011.6,sqft,4984.7,sqft,98126,693545.8
1453,5,3.0,1884.4,sqft,7238.4,sqft,98146,421500.4
1454,4,4.5,2769.2,sqft,4818.3,sqft,98109,1887026.5
1455,4,2.5,844.9,sqft,1.0,acre,98103,766340.7
1456,3,4.5,1099.1,sqft,1260.2,sqft,98103,792010.2
1457,5,3.0,2189.8,sqft,6309.3,sqft,98116,918467.8
1458,4,3.5,1464.6,sqft,1508.7,sqft,98102,839968.6
1459,4,4.5,2379.9,sqft,8451.8,sqft,98146,857140.5
1460,5,4.0,948.2,sqft,1791.3,sqft,98122,700250.2
1461,4,3.0,631.2,sqft,0.3,acre,98168,342666.2
1462,4,4.0,2080.0,sqft,4537.2,sqft,98106,776665.2
1463,3,3.0,1403.0,sqft,0.3,acre,98105,1322786.5
1464,5,3.0,2048.0,sqft,3631.3,sqft,98122,1280858.7
1465,6,3.0,2102.2,sqft,2589.7,sqft,98103,868742.4
1466,5,2.0,1883.5,sqft,8792.9,sqft,98117,657994.8
1467,5,5.0,1432.9,sqft,1016.0,sqft,98115,790120.3
1468,3,2.5,1521.3,sqft,5444.9,sqft,98117,1000157.5
1469,6,4.0,2525.8,sqft,7974.6,sqft,98199,1042345.4
1470,4,3.5,2178.5,sqft,2.6,acre,98168,447566.2
1471,8,4.5,4165.0,sqft,4954.2,sqft,98103,2856634.0
1472,5,3.0,1546.1,sqft,2422.1,sqft,98117,805556.8
1473,4,4.0,2788.9,sqft,4974.5,sqft,98199,1300414.2
1474,8,5.0,2123.5,sqft,8385.6,sqft,98118,770670.5
1475,2,3.0,609.7,sqft,0.3,acre,98104,326960.8
1476,5,5.5,4242.1,sqft,6643.8,sqft,98136,1897905.9
1477,2,5.0,1629.5,sqft,5406.6,sqft,98118,741104.4
1478,5,4.0,1549.9,sqft,1371.0,sqft,98117,843030.2
1479,5,4.5,2018.6,sqft,3207.5,sqft,98136,1108768.0
1480,4,3.0,983.1,sqft,0.3,acre,98105,559811.0
1481,4,3.0,2062.9,sqft,3432.6,sqft,98119,1260037.1
1482,6,4.0,1847.8,sqft,4912.5,sqft,98118,650579.0
1483,3,3.0,687.1,sqft,8085.2,sqft,98115,707560.7
1484,4,2.0,706.7,sqft,6729.3,sqft,98146,385362.6
1485,6,4.0,2798.9,sqft,2972.3,sqft,98106,1438353.4
1486,3,3.5,2007.5,sqft,2378.2,sqft,98103,1086374.5
1487,6,3.0,1472.2,sqft,8024.4,sqft,98118,616941.2
1488,4,2.0,804.7,sqft,5718.0,sqft,98118,569240.1
1489,4,3.5,1808.8,sqft,7477.7,sqft,98136,1015754.3
1490,4,3.0,940.4,sqft,2814.4,sqft,98118,807878.2
1491,4,4.0,1345.9,sqft,1274.8,sqft,98107,910432.5
1492,4,2.0,901.4,sqft,2135.8,sqft,98144,553164.7
1493,4,3.0,926.6,sqft,2408.8,sqft,98125,518798.3
1494,3,3.0,921.5,sqft,3394.2,sqft,98106,478762.1
1495,5,3.5,2225.8,sqft,5179.9,sqft,98117,862375.1
1496,3,3.0,2234.6,sqft,4482.2,sqft,98102,1374660.1
1497,6,5.0,2042.4,sqft,5840.3,sqft,98136,836394.2
1498,4,4.5,796.8,sqft,2605.9,sqft,98115,680562.6
1499,5,7.0,1835.2,sqft,6421.5,sqft,98177,722042.1
1500,4,3.0,1276.6,sqft,6319.8,sqft,98106,608212.7
1501,5,7.0,2238.5,sqft,6087.7,sqft,98117,1468028.2
1502,6,5.0,2605.2,sqft,4457.6,sqft,98122,1348786.6
1503,4,5.5,2951.1,sqft,4701.9,sqft,98115,2021802.5
1504,7,4.5,4817.7,sqft,5419.4,sqft,98126,1509985.2
1505,4,3.0,1419.0,sqft,1208.6,sqft,98122,892641.5
1506,3,2.0,666.5,sqft,4948.8,sqft,98107,457790.9
1507,5,5.0,2492.0,sqft,5408.7,sqft,98115,1099462.1
1508,4,3.0,1252.2,sqft,819.8,sqft,98103,878198.5
1509,4,3.0,1217.4,sqft,1051.0,sqft,98199,835720.1
1510,5,4.0,1923.8,sqft,6131.5,sqft,98117,817848.4
1511,4,3.0,1523.1,sqft,1276.7,sqft,98108,611254.8
1512,6,5.0,2752.3,sqft,6832.8,sqft,98118,698807.0
1513,5,5.5,1511.2,sqft,1.0,acre,98133,769695.7
1514,4,3.0,1072.3,sqft,529.2,sqft,98144,616896.4
1515,4,4.0,1321.7,sqft,1020.4,sqft,98136,707136.6
1516,4,4.0,1113.5,sqft,629.3,sqft,98107,655411.6
1517,5,3.5,1183.1,sqft,991.9,sqft,98109,818204.0
1518,6,2.5,1900.8,sqft,6091.0,sqft,98199,825575.7
1519,5,2.5,3040.3,sqft,5020.6,sqft,98117,1197420.0
1520,4,4.0,2668.6,sqft,0.7,acre,98146,718543.7
1521,5,5.0,2343.6,sqft,4775.7,sqft,98117,1512783.6
1522,3,4.0,745.7,sqft,0.3,acre,98107,440986.1
1523,5,4.0,2411.9,sqft,3282.3,sqft,98109,1726671.8
1524,4,3.0,625.1,sqft,7880.3,sqft,98146,530374.7
1525,4,2.5,944.3,sqft,932.9,sqft,98117,628363.7
1526,5,4.0,1516.4,sqft,4389.6,sqft,98115,770164.5
1527,2,3.0,734.4,sqft,5511.2,sqft,98116,715817.0
1528,5,3.0,3161.0,sqft,7627.0,sqft,98177,1836354.0
1529,3,3.0,2210.5,sqft,6125.9,sqft,98105,1345484.3
1530,7,5.0,3743.6,sqft,4091.4,sqft,98105,1557846.5
1531,3,3.0,898.3,sqft,4521.3,sqft,98108,434466.7
1532,5,5.0,2644.4,sqft,4846.8,sqft,98105,1613093.2
1533,6,4.5,1546.7,sqft,5704.9,sqft,98126,801413.8
1534,4,2.0,1176.4,sqft,4210.0,sqft,98116,609841.2
1535,4,3.5,1568.6,sqft,1316.5,sqft,98112,865464.2
1536,4,4.0,1470.0,sqft,1848.1,sqft,98126,587510.2
1537,5,3.0,1457.3,sqft,5657.4,sqft,98117,727946.4
1538,6,4.0,2223.3,sqft,3411.3,sqft,98119,1223279.3
1539,3,2.0,1086.2,sqft,1507.3,sqft,98122,646808.3
1540,2,3.0,650.1,sqft,0.5,acre,98107,457128.2
1541,5,2.5,971.1,sqft,813.6,sqft,98117,556309.8
1542,5,4.0,2047.6,sqft,5206.3,sqft,98144,727130.6
1543,2,2.0,650.9,sqft,0.4,acre,98119,367454.4
1544,8,7.0,7306.6,sqft,7890.3,sqft,98103,2098768.5
1545,5,6.5,3303.6,sqft,0.4,acre,98118,1458415.3
1546,4,3.0,1549.0,sqft,3781.0,sqft,98117,620233.4
1547,5,5.0,1530.4,sqft,3336.0,sqft,98117,884707.8
1548,6,5.5,2542.1,sqft,4024.9,sqft,98108,1045113.1
1549,5,4.0,1871.9,sqft,5566.5,sqft,98115,852033.0
1550,3,3.0,907.4,sqft,0.7,acre,98106,386432.0
1551,4,3.0,1326.1,sqft,0.2,acre,98112,840167.2
1552,3,2.5,922.3,sqft,0.9,acre,98144,679003.6
1553,6,4.0,2632.5,sqft,5450.9,sqft,98126,1078036.0
1554,7,4.0,1803.6,sqft,3785.4,sqft,98118,699873.0
1555,4,4.5,3788.6,sqft,0.3,acre,98199,2259999.8
1556,4,4.0,963.2,sqft,5848.5,sqft,98106,593531.7
1557,7,5.0,3170.6,sqft,3731.2,sqft,98103,1180595.5
1558,5,3.0,981.1,sqft,6096.8,sqft,98178,533745.1
1559,5,3.0,1172.9,sqft,6954.6,sqft,98117,1024127.3
1560,5,3.0,1292.4,sqft,0.9,acre,98103,1022339.4
1561,4,4.5,1776.0,sqft,3045.0,sqft,98115,936718.1
1562,5,5.5,3002.8,sqft,6620.6,sqft,98126,1274870.6
1563,4,3.0,1267.4,sqft,1034.7,sqft,98115,613778.6
1564,4,4.0,1277.7,sqft,814.2,sqft,98125,635417.1
1565,4,3.5,892.5,sqft,7504.4,sqft,98199,475286.3
1566,4,3.5,1756.9,sqft,1052.8,sqft,98144,670995.0
1567,6,4.0,2127.6,sqft,6224.2,sqft,98115,1119531.1
1568,5,4.0,1652.9,sqft,5400.2,sqft,98117,732487.6
1569,10,5.5,3345.2,sqft,4072.4,sqft,98105,1365221.5
1570,4,4.5,1253.1,sqft,1990.5,sqft,98116,731697.8
1571,5,4.0,1755.8,sqft,3750.1,sqft,98117,925694.4
1572,3,4.5,977.1,sqft,899.4,sqft,98117,636170.1
1573,6,4.5,2915.6,sqft,4617.1,sqft,98103,1655872.2
1574,4,4.5,894.7,sqft,1445.4,sqft,98107,635324.8
1575,5,3.0,971.0,sqft,3843.7,sqft,98117,792788.8
1576,4,2.0,788.5,sqft,7326.9,sqft,98178,417801.5
1577,5,4.0,1726.9,sqft,1073.6,sqft,98144,667917.7
1578,4,3.5,1025.8,sqft,3.8,acre,98126,504651.1
1579,5,4.0,1788.9,sqft,9618.1,sqft,98146,515265.5
1580,4,2.0,1869.7,sqft,2089.0,sqft,98144,634259.9
1581,5,7.5,1637.5,sqft,1671.9,sqft,98105,803313.4
1582,5,5.0,2241.2,sqft,2186.4,sqft,98117,847092.2
1583,4,5.5,1182.6,sqft,1888.3,sqft,98106,539663.1
1584,5,3.0,1441.6,sqft,5453.6,sqft,98103,1234944.4
1585,5,4.5,1589.1,sqft,0.9,acre,98126,639616.6
1586,5,2.0,1175.0,sqft,5589.3,sqft,98116,647410.9
1587,5,3.5,1455.2,sqft,8264.5,sqft,98178,514415.4
1588,5,3.0,1481.8,sqft,2162.5,sqft,98116,847017.8
1589,5,2.0,1232.8,sqft,5944.6,sqft,98168,482278.0
1590,4,2.0,1164.3,sqft,1726.2,sqft,98103,579387.4
1591,4,4.5,1754.7,sqft,783.8,sqft,98117,847117.8
1592,4,4.5,1599.3,sqft,1358.9,sqft,98102,916751.7
1593,4,3.0,1151.9,sqft,4538.2,sqft,98118,478342.0
1594,5,3.5,1292.2,sqft,1328.8,sqft,98125,639273.6
1595,3,3.5,985.8,sqft,1419.4,sqft,98103,772026.9
1596,4,2.0,1699.6,sqft,6862.0,sqft,98125,1012262.6
1597,4,3.0,1680.5,sqft,3917.9,sqft,98115,889639.4
1598,6,4.5,3584.4,sqft,5311.4,sqft,98119,1927766.8
1599,6,4.5,3016.1,sqft,5782.3,sqft,98144,1898030.5
1600,5,3.5,2032.8,sqft,7442.8,sqft,98106,842194.6
1601,5,3.0,1638.1,sqft,1361.1,sqft,98103,878287.9
1602,7,3.5,4348.2,sqft,7454.9,sqft,98112,3059633.7
1603,4,2.0,1767.3,sqft,0.2,acre,98178,498769.5
1604,5,4.0,2001.3,sqft,5820.1,sqft,98117,1265866.9
1605,3,2.0,593.6,sqft,0.3,acre,98101,383102.5
1606,7,8.0,1689.3,sqft,7565.2,sqft,98168,664136.0
1607,5,3.0,2442.0,sqft,8604.3,sqft,98115,1289693.7
1608,6,4.0,2796.0,sqft,5869.9,sqft,98116,935746.6
1609,4,4.0,2561.4,sqft,0.4,acre,98178,671186.8
1610,6,6.0,1853.0,sqft,5502.1,sqft,98144,646995.6
1611,4,4.5,1595.0,sqft,1369.5,sqft,98122,735210.2
1612,7,5.5,5410.8,sqft,6617.8,sqft,98119,3666641.9
1613,4,2.0,641.0,sqft,3848.4,sqft,98117,720446.6
1614,3,4.0,1215.7,sqft,3853.7,sqft,98117,693643.4
1615,6,4.0,1609.5,sqft,3860.1,sqft,98115,1350740.9
1616,6,4.5,1756.6,sqft,1586.6,sqft,98136,812501.4
1617,3,3.0,766.0,sqft,1148.0,sqft,98144,699108.1
1618,5,4.0,1897.0,sqft,7341.3,sqft,98136,798058.5
1619,7,5.0,2523.0,sqft,8584.6,sqft,98125,1380936.5
1620,5,4.5,2077.5,sqft,2376.4,sqft,98144,1622189.5
1621,4,2.0,727.9,sqft,6065.1,sqft,98125,613699.5
1622,3,3.0,1044.4,sqft,2291.3,sqft,98107,671926.4
1623,5,4.0,2296.4,sqft,4809.3,sqft,98103,1010633.9
1624,6,5.5,4533.3,sqft,0.2,acre,98122,2414851.1
1625,5,5.0,1694.6,sqft,6995.5,sqft,98125,745018.1
1626,5,5.5,2696.0,sqft,4060.4,sqft,98103,1649475.4
1627,3,4.0,1306.0,sqft,0.3,acre,98109,816777.9
1628,4,4.0,1081.8,sqft,7095.1,sqft,98178,530477.4
1629,5,4.0,2322.3,sqft,4577.8,sqft,98103,1475134.9
1630,5,4.0,1524.0,sqft,4411.8,sqft,98107,848613.8
1631,5,4.5,2232.9,sqft,2827.4,sqft,98115,1698658.5
1632,4,4.0,1177.0,sqft,2826.3,sqft,98144,705494.3
1633,3,3.5,784.5,sqft,1120.0,sqft,98144,583712.8
1634,3,3.0,996.1,sqft,643.4,sqft,98107,682837.6
1635,5,4.5,2551.7,sqft,2941.4,sqft,98122,1079616.6
1636,5,4.0,1512.9,sqft,1603.3,sqft,98103,864737.9
1637,5,5.0,1545.1,sqft,1245.1,sqft,98103,940856.7
1638,5,3.0,1685.0,sqft,4178.2,sqft,98118,577698.3
1639,7,4.5,3772.4,sqft,3550.8,sqft,98119,2651443.5
1640,2,3.0,812.4,sqft,1.2,acre,98112,701639.2
1641,4,5.0,1761.3,sqft,6735.0,sqft,98109,1228033.0
1642,7,4.0,1874.1,sqft,5476.0,sqft,98119,866484.1
1643,5,2.5,1185.7,sqft,3863.2,sqft,98144,724405.3
1644,5,3.0,1550.1,sqft,4509.9,sqft,98116,876813.9
1645,4,5.5,1332.1,sqft,1138.1,sqft,98117,691014.2
1646,5,3.0,1127.1,sqft,1304.9,sqft,98103,815779.6
1647,5,4.0,1882.0,sqft,4820.4,sqft,98116,1049134.2
1648,5,3.0,3308.6,sqft,4837.7,sqft,98144,1128192.5
1649,5,2.5,2002.6,sqft,4707.1,sqft,98117,787405.2
1650,3,4.5,1156.0,sqft,1013.2,sqft,98117,590049.7
1651,4,3.0,1624.1,sqft,4719.5,sqft,98103,867939.3
1652,6,4.0,1507.5,sqft,5537.6,sqft,98118,523290.8
1653,3,2.5,840.9,sqft,1094.0,sqft,98122,693212.0
1654,5,4.5,4767.7,sqft,0.2,acre,98112,4612518.5
1655,4,4.0,1706.5,sqft,1057.7,sqft,98125,661564.4
1656,4,6.0,1451.8,sqft,1006.8,sqft,98144,802755.2
1657,5,3.5,2290.1,sqft,7340.1,sqft,98177,1791410.4
1658,7,5.0,2386.5,sqft,7519.0,sqft,98144,876052.7
1659,3,4.0,1160.4,sqft,1366.4,sqft,98115,682434.5
1660,6,6.0,2689.4,sqft,3658.4,sqft,98115,1205439.9
1661,3,3.0,806.4,sqft,0.5,acre,98125,366502.9
1662,5,2.0,1074.6,sqft,7048.1,sqft,98178,648011.9
1663,5,4.0,1408.5,sqft,1008.6,sqft,98117,840289.7
1664,5,4.5,1552.6,sqft,1346.8,sqft,98126,632834.6
1665,3,4.0,1383.3,sqft,0.3,acre,98199,656842.7
1666,5,3.0,1288.2,sqft,0.5,acre,98112,840958.1
1667,5,4.0,2066.3,sqft,5752.6,sqft,98199,1039058.3
1668,5,3.0,1591.7,sqft,3986.5,sqft,98133,609205.6
