Transaction ID,Date Time,Customer ID,Amount,Currency,Category,Payment Type
11e436ab-af66-4b97-af1a-58a17f03ed64,2023-10-11 22:46:29,74,438.72,USD,Groceries,Debit Card
0c5fa87f-9df6-4bb8-a159-71cee9f66a9a,2023-09-02 02:47:32,22,9.04,USD,Utilities,Cash
3b17462a-b457-4134-af30-1380ae420247,2024-02-02 01:01:33,78,340.42,USD,Utilities,Debit Card
3d1d1988-d827-41cc-be2f-18168e18dc5d,2023-06-03 19:06:11,23,-453.49,USD,Electronics,Debit Card
c3f2e8e1-b15b-443e-b709-df83756d6793,2023-12-08 03:53:22,36,-137.29,USD,Electronics,Credit Card
5a70217e-4eeb-4f1e-88f8-b5863a8d282e,2023-06-29 23:08:59,86,-485.29,USD,Groceries,Debit Card
f83ee25b-9cc6-440c-8bd7-30cad971e4da,2023-05-26 16:50:44,44,-190.62,USD,Entertainment,Cash
15b6888f-dc0b-4dfe-9691-d7bb456d6e77,2023-09-07 06:40:22,44,104.02,USD,Entertainment,Credit Card
3e8f99b2-a0e8-4151-bf5b-7f250d50db77,2024-03-09 12:56:22,49,-367.8,USD,Entertainment,Credit Card
6d6767ce-5d25-4939-9d73-ec2b4f241c17,2023-07-24 07:57:46,4,-211.52,USD,Utilities,Credit Card
1ec71c75-9353-4e2f-a963-8d4af4e9dd04,2023-11-08 07:39:39,3,262.32,USD,Utilities,Debit Card
c91df73a-a23f-4b7b-b1cf-c9ce933edbac,2023-12-10 13:17:10,37,-110.9,USD,Electronics,Cash
cdd18c70-3d0f-489e-b01e-e0171b17b0d4,2023-12-05 09:07:18,7,-143.82,USD,Services,Debit Card
d3fed6d4-7b9c-490d-b2a5-66291f20f692,2023-06-19 16:45:25,89,109.95,USD,Services,Cash
674ee141-d281-4532-919d-a54ad49df33a,2023-11-04 09:37:33,2,350.34,USD,Dining,Debit Card
6f417a4e-f97c-497b-bdaf-c4226c18f785,2024-03-02 06:01:26,39,-119.9,USD,Electronics,Debit Card
3bb6834f-c801-4538-ae19-3f89434cdfad,2023-10-24 12:17:51,67,296.46,USD,Utilities,Cash
4992d43a-ca33-4bf4-a710-bd5fc0bd4fd0,2023-11-30 19:52:25,4,218.93,USD,Utilities,Debit Card
322fb3d6-3570-48dc-b457-18c7e51ef5f6,2024-02-28 12:44:35,9,-373.26,USD,Groceries,Cash
5eb757c3-53b0-421d-ae10-099954b51969,2023-09-04 07:58:16,40,384.51,USD,Services,Debit Card
fdb955a3-1e8c-445b-a8f0-1c455965bc71,2023-08-20 12:24:30,20,374.17,USD,Services,Cash
29399faf-61f9-4243-a87e-6b1c8be6a709,2024-02-02 14:27:16,70,-299.83,USD,Dining,Cash
598c53c1-3cdd-43ab-83dd-cc4dd030b4f2,2023-05-15 16:50:26,71,-141.4,USD,Electronics,Cash
4a881add-7eab-4e41-b3ae-ff57bd8ba96f,2024-02-04 03:13:58,82,-335.43,USD,Groceries,Debit Card
a0f68970-5aa3-4d32-a9a5-a229bd25d3be,2023-08-10 22:13:07,68,412.75,USD,Services,Cash
89154ae5-fa09-4b82-942e-85924c5b3613,2023-12-08 20:40:48,29,58.61,USD,Entertainment,Credit Card
20b6eb47-e801-4fe3-90de-2157d23aa862,2024-03-09 02:27:19,45,371.57,USD,Dining,Debit Card
db26f2df-6dd6-4ca0-8539-a7470dd6cfc8,2024-01-27 14:50:10,19,296.04,USD,Entertainment,Cash
11b085fc-1ce9-4e7f-9029-e1553c0b7e02,2023-10-31 22:19:14,96,18.57,USD,Dining,Cash
acb82b71-2d2c-43ba-ae62-a9524b67a352,2024-02-21 04:04:22,71,-40.22,USD,Services,Cash
ca2ec78c-e50d-4e55-a0c3-ab864d5304de,2023-06-07 23:17:59,20,88.29,USD,Groceries,Credit Card
0e9c605c-2f60-48e0-8efc-724b00c4d66f,2024-03-28 02:30:01,21,-12.88,USD,Dining,Debit Card
bb131bb6-d7a4-4e46-959d-7407be3c3cb3,2023-11-13 12:19:52,13,-93.85,USD,Dining,Cash
0617c6d3-2e6f-4e7f-81e9-189e14de3544,2023-08-25 02:40:38,4,-411.79,USD,Dining,Debit Card
fd3fc236-f274-42fc-9d54-6cf438d49c01,2023-11-16 19:02:25,53,-409.39,USD,Dining,Debit Card
b11f8d40-d40f-4adb-84a7-16d65ce13694,2023-07-12 09:50:46,5,286.92,USD,Utilities,Cash
868e5516-195b-4bb5-9d61-04dc1c181cc2,2023-12-02 03:33:33,28,-172.07,USD,Utilities,Debit Card
f5505465-c604-417c-b3ac-273813f501e0,2023-06-20 15:15:22,70,-487.53,USD,Services,Debit Card
acb476f0-8311-442b-8511-22bb2e67aea3,2023-05-10 06:42:39,16,-62.37,USD,Services,Debit Card
cce870e6-2b0d-47cf-b1a5-fe9e442e27f4,2024-01-14 11:03:51,6,-137.93,USD,Utilities,Credit Card
cb9e3cb0-8e18-4626-a5d0-1437512a1a47,2023-06-27 20:53:00,93,-33.39,USD,Services,Cash
75561c84-495c-4fb6-9ea7-55cc5b933d59,2023-09-06 20:58:55,28,294.8,USD,Services,Cash
dd2bb63a-ff20-4168-97db-a09d5336655c,2023-12-28 03:36:04,1,14.54,USD,Utilities,Debit Card
62135b5b-d2d2-410b-acd1-967b8ae457f5,2023-10-25 17:45:54,36,426.38,USD,Entertainment,Credit Card
e18986ad-bc5b-4e88-8b4f-191f8b8fa328,2023-09-07 00:33:57,39,42.41,USD,Services,Debit Card
b720bb7a-5fbd-478c-937f-9cd66025ff26,2024-03-22 05:26:10,4,279.34,USD,Electronics,Credit Card
19e520b8-0827-48bd-860d-14768f080ff3,2023-04-11 03:54:34,55,-462.74,USD,Dining,Cash
8366e720-c499-4c5f-8265-979d6b14fe6d,2023-10-21 23:07:28,72,-112.13,USD,Utilities,Debit Card
f5ffbb3b-36f2-4563-8248-c68ea5d288f3,2024-01-07 04:08:15,14,-183.04,USD,Utilities,Credit Card
e54a9d14-d6af-42fe-a072-afd0f1f11bb1,2024-03-19 17:54:57,53,49.51,USD,Electronics,Cash
d0c3fcd7-6305-4014-9682-d135df0bfa55,2023-12-18 23:51:16,45,-447.18,USD,Services,Debit Card
f3a77690-2186-4e94-b70c-df27453feada,2023-08-02 07:33:03,72,347.97,USD,Entertainment,Credit Card
1a194ef4-3171-4a69-9a34-e2e2b44337dc,2023-05-14 23:37:51,34,-300.13,USD,Utilities,Cash
392341dd-0137-41b3-9787-63917936e1a4,2023-06-16 22:35:28,35,-183.84,USD,Dining,Debit Card
114b11bd-9beb-4e19-8810-d2c2064c011f,2023-06-27 05:14:19,83,-379.85,USD,Dining,Credit Card
b22d267b-8702-490a-9960-d66a23abcf57,2023-07-27 00:04:06,83,-71.06,USD,Utilities,Debit Card
6038259d-07ba-4db4-9690-7e32382f2690,2024-02-19 01:35:15,16,-210.04,USD,Services,Credit Card
b0660c1a-0b3a-4ee2-aed3-2684c15bae12,2023-12-08 20:35:36,38,-494.07,USD,Services,Credit Card
a19b2f41-1226-4151-884a-c1cf3898a9e8,2023-08-12 09:20:16,54,-379.11,USD,Entertainment,Cash
aeff1b89-d45d-4ba6-beda-52a270a4be60,2023-08-28 14:14:18,90,192.22,USD,Utilities,Debit Card
04e96bb0-c8fd-46dc-a9c3-be8e3be6a772,2023-04-25 21:47:27,63,242.34,USD,Electronics,Cash
6709a42f-2c85-4463-a33a-84789dd68d8f,2024-03-17 04:53:35,77,482.57,USD,Groceries,Cash
3c6547bb-1c4c-4b43-9423-f01d8b504c40,2023-12-12 20:25:10,37,-23.31,USD,Groceries,Cash
e445e791-c83b-4cee-bf8b-c6d4bb2dbf49,2023-06-29 12:05:05,35,-435.28,USD,Utilities,Cash
6c0b4ce9-9a9d-4b32-81bd-dc8a27e3c505,2024-02-18 06:58:54,63,-200.29,USD,Electronics,Cash
521e4081-56c8-4c9d-99f3-4f46bbea06d3,2023-06-02 04:21:10,13,432.99,USD,Services,Credit Card
2858f690-5e85-4459-90c6-180c43bb9f20,2024-03-11 18:59:16,1,-211.76,USD,Groceries,Debit Card
e572e727-8cda-446e-8e2e-a83221192cf2,2023-09-15 21:34:06,41,157.34,USD,Electronics,Cash
8721feb0-80a1-4e3a-929c-8136184a7fc8,2023-07-23 18:56:57,63,-349.19,USD,Groceries,Cash
1aa9862e-520e-4329-8358-d3a306d416de,2024-02-27 09:00:29,75,-357.02,USD,Electronics,Credit Card
7fa91d95-2332-498a-9d30-061d6e977f14,2023-06-11 16:23:53,100,325.64,USD,Utilities,Debit Card
30b6af0b-da62-4085-b65d-3ccfd581d9c6,2023-08-03 10:00:12,10,-302.26,USD,Services,Cash
fd5d2fbe-0c1c-45cf-acfb-6b753da1afed,2023-12-19 20:09:48,15,-389.57,USD,Services,Debit Card
10859319-d9e4-4092-9859-21292b5d1ca1,2023-09-19 17:27:01,81,-356.46,USD,Groceries,Cash
e2dd7197-82eb-4b37-8119-9ad6b9687681,2023-07-04 18:53:59,46,-77.71,USD,Electronics,Credit Card
44c12b65-f6bf-4691-9cb7-709d0c8869c8,2024-01-28 16:49:06,73,413.92,USD,Groceries,Credit Card
0e8c0a26-7ba9-4599-bf2b-643313c5505d,2024-01-16 14:27:31,75,357.65,USD,Groceries,Debit Card
f5954359-4dda-44ea-b664-35149335ac29,2024-02-01 19:43:47,83,-459.99,USD,Utilities,Credit Card
a44b0592-5f3b-4f80-a54e-610fbd1e90df,2023-08-23 16:16:33,22,6.44,USD,Utilities,Debit Card
78400c93-80a8-4a27-8759-536b3104c985,2023-11-29 03:30:54,68,361.39,USD,Services,Debit Card
cb325cd8-5c59-4149-b554-66b4e2470788,2024-01-06 23:04:03,16,-342.61,USD,Electronics,Credit Card
7325432e-d687-4a0d-a38d-3fa94fa217fa,2024-04-01 11:13:10,52,-343.48,USD,Utilities,Debit Card
a67ab794-7aa3-41de-a929-bda96864f2f3,2023-09-01 05:34:28,59,484.02,USD,Entertainment,Cash
8838cfd7-4187-45bc-aa38-1fd1d9f5f0d8,2023-10-02 16:33:32,85,376.69,USD,Dining,Credit Card
3d17120a-0efd-4777-b29b-6a0fb282db91,2023-09-07 07:32:05,92,88.14,USD,Groceries,Cash
df948c1c-cce1-4a88-800c-6ffff87c5e56,2024-03-18 10:15:09,69,-269.33,USD,Services,Cash
a7c6650d-69d4-48d4-8488-ab80b11eff13,2023-05-16 15:52:44,25,190.87,USD,Electronics,Credit Card
76ad9dc2-34f8-4894-8c17-ad9e2a16a388,2023-09-06 17:54:18,55,-75.74,USD,Electronics,Debit Card
68d98602-fbcb-475f-9223-c3f188c7b7bd,2023-04-07 16:32:14,94,246.13,USD,Entertainment,Debit Card
929cb0a1-080f-4db1-ad9b-1cd04647e6b9,2023-12-18 03:19:52,19,134.28,USD,Entertainment,Debit Card
57b85246-d8eb-4bef-8a40-332ce9bb8605,2023-10-18 06:16:47,81,418.2,USD,Entertainment,Cash
5f97422a-c740-43d4-a1da-f0aac5a3183a,2023-10-13 03:23:15,41,320.05,USD,Utilities,Cash
431437f7-817c-4ef8-b41b-bf3d31848fd3,2023-05-28 16:46:24,62,-314.97,USD,Entertainment,Cash
1c094a93-4214-42d6-a31c-2d308b9410c6,2023-12-10 11:07:37,43,-413.25,USD,Electronics,Cash
d554aca4-11e5-4a8e-8b92-18761ea488c6,2023-08-01 23:04:25,35,342.28,USD,Dining,Debit Card
6701600f-5c3d-4c70-85e2-ec83ffa5bd8d,2023-11-24 14:55:19,50,362.09,USD,Electronics,Credit Card
9b3f83f9-b44b-4a96-84e7-cc85c065b7b7,2023-10-06 23:44:36,34,-49.04,USD,Dining,Cash
f43a95cb-6923-4af5-9337-69b82dbf9734,2024-01-09 08:27:26,30,-143.11,USD,Utilities,Cash
d23eed58-c491-45d2-a246-a2d703b8b222,2023-12-18 16:45:58,8,-165.75,USD,Utilities,Debit Card
18f73a1d-f2bd-4810-8b29-6caa32743809,2023-04-21 14:50:23,21,-158.92,USD,Utilities,Credit Card
ff108a1d-0761-4c97-94e4-7c75e5f8914a,2024-02-17 23:46:14,57,-314.04,USD,Electronics,Debit Card
8c896cf3-c896-4dea-b43d-1f2fd9aa2661,2023-08-15 18:06:48,18,-493.73,USD,Entertainment,Cash
594861df-1e88-4635-abc1-f0db58d8ec1c,2024-01-08 17:04:39,46,195.42,USD,Entertainment,Credit Card
828f5639-50ee-46ea-910f-7260abb8725b,2023-04-14 04:34:07,67,-424.03,USD,Entertainment,Debit Card
37f8a8b3-1971-4365-9a88-56864752d388,2023-08-26 04:01:35,10,459.38,USD,Services,Cash
290c2905-d6e6-47d7-b42e-7ea844c119b3,2023-05-22 00:23:37,59,-470.81,USD,Utilities,Debit Card
bddbe6b6-395a-47db-b7d6-9dd13ec7b599,2023-06-09 03:32:07,36,239.14,USD,Dining,Debit Card
e01615c6-fb82-4dce-91f1-9f9348db1bb3,2023-11-26 07:27:02,85,-348.84,USD,Groceries,Debit Card
97a7c918-af81-4968-bfd6-b9676d0ddc97,2023-06-24 08:53:34,39,-70.08,USD,Services,Credit Card
91b7f76d-dc21-4f9a-ad37-1ca82da3099d,2023-11-29 01:33:45,24,75.5,USD,Dining,Cash
8ff1d66f-5369-49e5-a0c2-00542cbc41e1,2023-05-15 06:53:46,35,-179.62,USD,Utilities,Cash
61cbd0ad-439c-48f3-8307-63f2b667baa2,2023-10-29 09:40:01,94,271.61,USD,Electronics,Cash
3a10198c-e77b-4458-913d-eba83a127f7a,2023-04-05 17:05:14,43,-427.57,USD,Dining,Credit Card
84bdae61-53d0-4a95-9d8c-bb5f8003750c,2023-07-06 23:56:27,13,-207.02,USD,Electronics,Credit Card
747b0cd2-a8b5-4e1b-9300-8f2b9311f0d5,2024-03-12 05:00:37,74,-162.35,USD,Electronics,Credit Card
59455be9-a25a-49ab-9b72-6fb4a9127a4f,2023-08-23 09:33:50,20,276.64,USD,Entertainment,Cash
8423a1d2-4699-4748-ab87-7e870fb93bb0,2023-07-24 23:21:34,8,-225.88,USD,Electronics,Cash
db71362b-b701-4f84-b971-155ce84b0bd2,2024-01-03 02:48:23,67,297.63,USD,Dining,Debit Card
b090ce77-0d5e-43f5-a362-9df21da87e7d,2024-02-17 07:11:22,15,-318.48,USD,Electronics,Debit Card
1b563da3-8e7b-479e-9321-3b103c2447e8,2024-01-13 09:56:34,47,364.03,USD,Utilities,Debit Card
d3857b9c-5983-4cb5-a4da-9e054fa362b9,2024-03-14 06:20:17,52,364.54,USD,Utilities,Cash
1a046c99-29f8-4458-9ea0-6c4b7e40a6b6,2024-03-05 03:09:13,31,104.72,USD,Dining,Debit Card
2ce521dc-86f7-4087-9e4c-f58e8cd647f4,2023-09-17 14:16:13,87,-329.88,USD,Dining,Debit Card
649b1be7-9a09-46a4-a733-40b3a74db626,2023-05-24 07:30:39,93,125.97,USD,Entertainment,Credit Card
ceabbae2-8ca8-4434-9b38-7ada884c2eff,2023-08-07 18:45:04,16,300.82,USD,Groceries,Debit Card
f8e2e363-4b9b-4a93-b51d-796cef6a3e7b,2023-08-19 11:57:41,33,-321.4,USD,Dining,Cash
c4002992-d271-48f5-bf48-2e9ff9d3ccfe,2023-09-12 19:26:59,69,383.73,USD,Utilities,Debit Card
dfa540c4-5b41-45c2-a263-9bab3489ee1a,2023-11-17 20:34:39,71,-154.97,USD,Entertainment,Cash
3fff6ac2-4b1f-4931-bd80-1ebff0ae3989,2024-03-17 00:04:44,12,-140.5,USD,Groceries,Debit Card
0adcba70-8184-4348-92d6-180be80b3bda,2024-02-04 04:04:11,10,247.77,USD,Electronics,Credit Card
9a6c7291-8a9b-484a-b74e-442fae47431a,2023-12-07 05:38:17,19,-95.7,USD,Utilities,Credit Card
e74da153-b208-4649-b14e-3b980a672bd2,2023-10-07 15:49:57,67,440.04,USD,Electronics,Debit Card
e81f0653-6f0a-4796-8d39-f3ff0f812379,2024-03-02 19:52:59,25,80.25,USD,Electronics,Debit Card
beebb444-5650-4e74-8c6e-556264edb4a7,2023-12-18 10:51:38,72,117.56,USD,Dining,Debit Card
ad26a948-fd1e-4d9e-8745-0a23a2c90f55,2024-03-20 16:49:14,30,226.32,USD,Groceries,Credit Card
c43837ca-3539-4fab-882a-02ce33935207,2023-06-21 22:24:10,80,-394.71,USD,Dining,Credit Card
a309189f-4196-4edf-8a19-0b7e57f17555,2023-12-04 18:02:46,27,-121.96,USD,Groceries,Cash
c0ec26d1-6a26-4f98-97c1-435a6f26a96f,2024-03-07 17:08:36,59,-394.83,USD,Entertainment,Cash
4566e949-46d8-4906-b446-d0d96425f731,2023-09-28 23:34:08,80,-171.61,USD,Groceries,Credit Card
d33187fb-2a18-4c84-bc21-cad3fef08226,2024-03-05 13:39:51,75,-473.34,USD,Services,Debit Card
ffdc8ab6-e579-4779-b630-6662aa41d473,2024-03-29 21:31:58,62,167.71,USD,Groceries,Cash
e51531dd-849e-4dec-a55b-699235657608,2023-05-25 00:15:34,53,3.7,USD,Services,Credit Card
8b92976b-1650-47b1-8e0b-a05791f7adfc,2024-02-24 17:51:17,25,-100.29,USD,Services,Credit Card
48336d28-5dff-45db-b8a0-47929b14d51c,2023-09-17 15:26:09,6,95.76,USD,Groceries,Debit Card
f0862f40-4b8e-42c9-9bd1-59cb966799d2,2023-10-27 09:58:03,77,-481.47,USD,Utilities,Debit Card
bbaf9ce3-dea4-4002-b340-66a098dfcc82,2023-06-03 15:59:39,14,202.94,USD,Electronics,Debit Card
d7514a31-ac39-434e-8eae-aadb4f2d031c,2023-12-13 02:38:22,61,28.03,USD,Entertainment,Cash
40f988f0-d890-4591-a320-e71f1455135f,2023-06-21 01:27:40,7,-226.69,USD,Entertainment,Cash
39e67ecf-a158-4c21-9344-cbe8dbde4c9c,2023-08-05 12:07:28,15,-424.22,USD,Entertainment,Cash
bd4b9c0e-1e5d-4ba2-98b4-2838cbf3b511,2023-11-27 10:00:46,69,196.27,USD,Entertainment,Debit Card
c4d2fae5-94b7-4b13-8a72-d9c6cf79cbfb,2023-10-26 06:10:08,100,26.04,USD,Dining,Debit Card
e0f3ec3c-2823-4a8b-b5ae-79ac35735c65,2023-04-16 16:13:46,45,-328.11,USD,Utilities,Credit Card
f836efd4-5587-47ac-9add-5634b8829404,2023-06-21 02:44:05,80,384.71,USD,Utilities,Debit Card
d71ea00f-39b4-4904-a3b2-f98c8c3e767f,2023-12-07 06:06:00,33,373.05,USD,Dining,Cash
06bbef01-f8d7-448f-bff4-d4986dfca50e,2024-01-07 18:30:26,93,-327.05,USD,Services,Debit Card
1ec4d6f6-a76f-46ea-b875-4ea04d5653f9,2024-02-22 06:46:15,53,-161.84,USD,Entertainment,Credit Card
6df5fca0-cb2d-4a7e-8083-763096559610,2023-07-12 15:48:59,39,407.17,USD,Services,Credit Card
0ac356e1-7f6f-4abf-a50c-074e711a892a,2023-09-23 19:42:15,62,346.75,USD,Electronics,Credit Card
025b8e6f-5279-4eb0-98dd-f22d3fcc7306,2024-02-17 11:23:05,63,-270.1,USD,Utilities,Credit Card
abb7a422-d262-4edd-951d-0cb40d9c588e,2023-08-04 12:29:36,5,-1.81,USD,Electronics,Cash
4170e96a-4199-4f12-944e-0fe6b7ae4d8e,2024-01-27 18:50:38,82,188.76,USD,Groceries,Debit Card
4b3ba832-4c3e-41eb-b199-c765c208658f,2023-11-03 13:46:41,79,8.59,USD,Utilities,Debit Card
097336af-6d7b-4d37-8f10-e41eb1dcd895,2024-02-14 02:32:41,78,-355.01,USD,Entertainment,Credit Card
650427ad-2310-4dc7-be15-44cf6ae6e9e0,2023-11-19 07:10:04,55,-214.71,USD,Entertainment,Credit Card
fec83330-8092-4453-80c8-28a74a7c73ce,2023-06-30 23:13:14,53,-221.69,USD,Groceries,Cash
4a66a3f3-35e7-45ba-895e-1dc8575e78b7,2023-09-12 18:25:38,31,-176.32,USD,Dining,Cash
ea4fb8aa-fb63-4376-976b-deb3b98c9a60,2023-05-02 20:49:16,37,-41.47,USD,Groceries,Debit Card
212d1330-0507-4eae-adff-4db15f3e3fbf,2023-10-16 20:59:03,93,-133.67,USD,Electronics,Debit Card
6254dc2f-2205-4bd5-83b6-f79eda617863,2023-04-18 13:41:20,37,-86.52,USD,Dining,Debit Card
a2258c4b-037d-4152-96ba-cc3de4d49ba6,2024-03-24 23:49:48,84,-407.95,USD,Entertainment,Cash
b33de0ed-a7b8-4a30-ab99-200c6917c3aa,2024-02-19 01:28:43,5,270.71,USD,Entertainment,Cash
e39246a3-1026-4c42-a403-0f497ab40da2,2024-02-06 22:35:24,12,-306.82,USD,Entertainment,Debit Card
01fa6ca9-5dd0-4576-9bd2-d1286e76a675,2023-09-04 06:17:51,94,-366.85,USD,Utilities,Debit Card
d7d4dcc7-7f70-4b0a-ab7f-779bfd4c05ab,2024-01-13 01:20:58,85,-358.94,USD,Electronics,Cash
f749e7ea-09d8-40f6-935d-73bb91024307,2023-05-16 08:00:46,72,-235.91,USD,Entertainment,Debit Card
382e7feb-6ea4-4be3-8a70-c56312d7f17e,2023-12-15 00:35:02,54,-313.75,USD,Groceries,Cash
bd296ef6-442f-4f9e-9e88-20b40f60a8c3,2023-04-23 16:30:10,10,-416.06,USD,Groceries,Credit Card
17912ae0-49bf-4416-bcc3-8cdbb88b2208,2023-04-15 01:56:35,3,13.61,USD,Electronics,Debit Card
5f9c68d2-34b2-4f29-87c5-3216fd58cc2d,2023-06-10 02:05:40,11,387.32,USD,Services,Debit Card
e4067e9a-3e71-4e96-9f02-7c7f19526bcd,2023-06-19 03:33:00,70,303.59,USD,Utilities,Cash
ea454faa-bd86-433f-beb8-db39a1deafbb,2024-02-25 21:29:25,62,47.54,USD,Utilities,Credit Card
d6bb2834-6901-4794-89e1-75d9ef41e1a0,2023-10-08 05:57:51,39,155.53,USD,Electronics,Debit Card
68859f4f-7d8a-4758-85ee-5be2810ff0a2,2024-02-21 03:19:26,57,-233.73,USD,Electronics,Cash
ae382e06-c6b2-4a70-889f-b3340b09b414,2023-09-30 04:10:41,73,-257.49,USD,Groceries,Cash
2020c23f-a031-456b-b3d5-d44b6271c10b,2024-03-04 09:03:41,16,-416.29,USD,Groceries,Debit Card
4d1b0824-51dc-47e4-b77d-24baab1b6e10,2024-02-13 00:49:00,77,279.46,USD,Utilities,Cash
02422990-6d90-414a-a980-213ee3167a5e,2023-07-01 01:49:57,62,-62.14,USD,Electronics,Debit Card
cf823bc2-affc-4037-baba-3e886d4db301,2023-05-09 03:45:16,96,98.12,USD,Dining,Debit Card
50b08b16-79cf-4277-b390-d459ed5b2a82,2023-04-27 14:00:50,58,-126.71,USD,Utilities,Credit Card
91a43bae-cd8c-4656-b29b-bdfdfe93570f,2023-04-18 04:55:39,16,-363.49,USD,Dining,Cash
e08d44f4-de06-4042-9267-fca9f6927d75,2024-03-05 01:04:30,65,-285.26,USD,Services,Credit Card
f001a297-0b64-4f2c-8547-2797b2e9267e,2023-08-31 14:12:28,46,67.64,USD,Electronics,Debit Card
a7ceffd0-fc33-4fcb-944e-0507f2bb4af7,2023-08-18 09:37:08,49,396.65,USD,Entertainment,Credit Card
04822de7-f569-4c0a-9647-a6045b3db1ca,2024-02-27 00:15:20,68,111.7,USD,Utilities,Cash
1656ecb4-32a2-4c42-8114-6efb7e932601,2024-02-04 18:36:51,15,-404.35,USD,Services,Debit Card
b3f136bb-d05e-49cd-9806-b5950a6c0b6b,2023-06-11 08:33:32,98,-53.61,USD,Dining,Credit Card
4ad31991-97b6-45b3-b4cb-24714affa7f3,2023-07-27 19:24:28,73,484.7,USD,Services,Cash
b4d3c05b-8e91-4c5d-bbb4-5a1c9b95f59b,2024-02-27 09:58:35,92,-175.52,USD,Services,Cash
1af683f2-6bcd-40b6-b42c-0a92f88ae627,2023-10-18 12:40:44,30,283.94,USD,Entertainment,Cash
d94e86e8-b255-4d88-b2cb-f4e7ea07b157,2023-06-18 21:08:38,19,265.24,USD,Services,Credit Card
e242ac4f-8e07-402e-80b6-021f9dfa187b,2023-10-04 03:39:02,52,-266.39,USD,Dining,Cash
fa48a73b-911a-4995-a73a-28bed814695c,2023-05-05 02:39:29,47,160.06,USD,Electronics,Debit Card
713086af-2efc-4abf-bb85-320e2aacf197,2023-07-03 21:23:30,34,107.96,USD,Dining,Credit Card
b989ad60-bdb3-4349-8e7e-6b23fef2d36f,2024-01-28 04:23:59,75,-113.51,USD,Services,Credit Card
828e595a-1903-4bdd-92ac-cee2b3fa9265,2023-09-01 12:46:14,79,121.71,USD,Electronics,Debit Card
cd93177c-e4a9-4a3d-b231-4838b8984171,2023-04-23 23:35:51,45,-429.15,USD,Services,Debit Card
e5b7d327-5fd3-410d-98fd-4663e6565caf,2023-08-13 16:55:45,70,379.68,USD,Services,Credit Card
55929553-4abc-4a1f-8c6a-b1f11f8b5780,2023-07-22 20:38:49,94,271.96,USD,Entertainment,Credit Card
5200d53b-0c95-47e4-b744-1b88de75c0fa,2024-02-18 13:25:08,1,345.56,USD,Services,Cash
ab9d4a8a-2f6c-4aa6-b896-daec7ab03dce,2024-03-06 14:40:17,100,-219.94,USD,Entertainment,Debit Card
5c7bc514-92b9-4b74-a6e4-86e6cd002bd1,2023-05-03 11:29:24,83,290.21,USD,Services,Debit Card
38affbb2-d783-4be4-b90c-38343eab66d9,2023-05-22 16:19:40,15,-98.18,USD,Entertainment,Debit Card
d60d9bc5-4f60-434e-8e49-ee53b2149c4b,2024-03-22 20:05:38,46,112.05,USD,Dining,Cash
b322d45a-b90d-4adf-b2fe-18ce98088ec8,2024-02-11 03:10:04,43,35.88,USD,Electronics,Debit Card
98497d25-fccc-4108-a360-41f9e0686b84,2024-02-25 14:50:04,41,193.71,USD,Services,Credit Card
65a81d74-f422-481c-805f-f10597432b0f,2023-12-12 13:01:14,38,485.02,USD,Dining,Debit Card
2e356107-09d8-440c-8561-b30f8c868f15,2023-11-18 23:45:17,94,233.37,USD,Utilities,Credit Card
d656485b-a126-4293-8a96-9c7cfe154dd4,2023-07-25 04:08:50,28,-434.49,USD,Dining,Cash
dff657ab-47b4-4203-a9bb-231181825fa6,2023-05-30 02:38:46,18,389.44,USD,Dining,Cash
8b0e7f38-6f99-4b57-828d-fcdf37d5fe65,2023-04-19 09:56:13,11,-291.09,USD,Entertainment,Debit Card
f94f730d-da9a-4694-9c3e-48ff95926e8a,2023-09-03 06:49:46,80,369.65,USD,Electronics,Credit Card
245b54bd-eda3-465d-8973-fdd908103c70,2023-10-28 03:43:47,75,-489.46,USD,Entertainment,Debit Card
0d768fd9-1023-4da1-b8be-ab9685487de2,2023-05-27 22:52:05,73,479.42,USD,Entertainment,Cash
399c30e9-9463-4290-b32f-7e4047371878,2023-08-24 00:00:15,32,-99.52,USD,Dining,Debit Card
283be54e-8958-4bdf-baed-55c384aea774,2023-07-30 13:26:11,74,-139.6,USD,Entertainment,Debit Card
bc595c3c-3a79-4780-8484-7f032636698b,2023-06-13 10:29:33,26,68.62,USD,Groceries,Credit Card
97a3a104-6302-4509-8d6d-183fbd5b85f7,2024-03-15 22:40:02,67,-117.15,USD,Services,Credit Card
b15640a2-0795-4715-abe4-0f0d8b45a502,2023-09-23 20:29:39,73,-464.65,USD,Entertainment,Debit Card
7662dad4-5db2-47cf-92c4-17c9549e09b7,2023-12-01 16:13:38,58,-442.5,USD,Groceries,Credit Card
61e9e1ea-b5c4-4cb2-ab76-941eb2ed30c3,2024-02-21 19:39:19,79,-373.38,USD,Electronics,Debit Card
6d7f0865-28f3-4a9a-afce-922601854a22,2024-03-10 08:28:13,37,-103.14,USD,Electronics,Cash
564a0050-bcac-440c-9400-30a54114c3f2,2023-04-16 21:08:12,64,-491.64,USD,Entertainment,Credit Card
d950654b-07c7-49fe-9ce5-f4cef2e34260,2023-09-23 06:20:14,42,-458.47,USD,Electronics,Credit Card
f8f62452-957b-460d-be1f-9c0878a19d4b,2024-02-01 12:11:15,71,145.41,USD,Services,Cash
df224267-f5ec-4458-a296-464adfd99fa4,2024-02-03 10:24:21,45,-417.89,USD,Electronics,Debit Card
736131e5-2afd-4b34-af17-94a50263415f,2024-03-23 09:31:41,87,390.88,USD,Services,Debit Card
b89c191b-8806-416b-b4ab-105d3a48ef79,2023-05-29 12:58:07,24,327.51,USD,Electronics,Credit Card
c7976be0-777b-4956-be78-a946df7460ce,2023-10-26 13:20:16,94,-93.55,USD,Groceries,Cash
feb7a60a-8863-43f5-9998-78f5bb5a312f,2023-04-27 22:36:38,13,-209.18,USD,Utilities,Debit Card
b3c1e083-9011-4146-a4de-3d6e6c6bde20,2023-11-04 14:17:56,88,-39.16,USD,Utilities,Cash
e83525ef-9929-4f4f-9b65-0e12711462d8,2023-12-30 17:44:40,41,465.48,USD,Groceries,Credit Card
ae4349d6-42e8-4b6c-93db-a05720a2749a,2023-07-20 05:26:58,41,383.51,USD,Entertainment,Credit Card
5df0539f-a768-4993-bca6-8a99373f75ce,2024-02-23 07:35:14,35,-180.98,USD,Dining,Cash
ecc620e1-e62e-42a4-bc5c-25cbfcf2ddcf,2023-06-05 22:48:43,49,-240.5,USD,Dining,Credit Card
d188e89c-2db9-4cbc-9c9d-46a367b82b5f,2024-03-26 09:11:49,97,58.27,USD,Dining,Credit Card
f87b71d7-27c1-4347-8c11-a26946cfd5ff,2024-01-20 19:07:23,7,403.34,USD,Groceries,Credit Card
10a49708-9da1-4ea5-a066-239e1563388d,2024-02-01 20:45:42,42,-251.65,USD,Entertainment,Cash
7e6ef982-72ed-4558-95c9-b6b185a050bb,2024-02-11 12:22:23,12,271.85,USD,Utilities,Cash
6ee565cb-b0d9-4888-a02f-16b9cc4e6072,2024-03-12 16:35:00,1,330.86,USD,Utilities,Debit Card
a8ff6668-4b90-422f-8a15-006872f396bb,2023-08-22 22:35:07,15,142.41,USD,Utilities,Credit Card
96c05cdc-ed4d-4b1e-bd58-1e7bbf8590a5,2023-12-07 16:38:52,87,-150.61,USD,Utilities,Cash
d228e714-dd60-4b0d-b2c5-356d4923d66c,2023-06-10 10:53:50,12,-293.29,USD,Dining,Credit Card
bf79e7a2-e69b-4063-8ce7-5f9a323b6be6,2023-10-14 23:05:16,56,375.88,USD,Services,Cash
5c3d1de6-721c-4bc8-a48b-49a91f332748,2023-08-24 20:00:51,42,7.08,USD,Dining,Credit Card
485fafab-1ba6-4dee-8e2c-2d5b6bb4616f,2023-06-30 13:58:37,67,322.86,USD,Utilities,Credit Card
4151f6b5-c25b-499e-89fe-fbebc5960e0f,2024-02-11 15:52:29,62,59.66,USD,Entertainment,Credit Card
2e4f4052-f7a1-4c3f-b383-b501eab678b2,2023-05-23 12:53:45,100,-54.47,USD,Dining,Debit Card
9b4e7e92-00b3-4e4b-a5e3-13cf2c4cdacb,2023-09-15 12:37:13,26,48.48,USD,Groceries,Cash
c4ecb41e-41e6-4311-8838-134339a85686,2023-08-15 15:17:46,34,312.21,USD,Services,Debit Card
b22887c0-018b-44aa-bb62-a561ad25324c,2023-05-15 05:14:58,86,283.2,USD,Services,Debit Card
eaf6d764-7804-49aa-b909-cadb7c6cf80e,2023-06-03 04:24:12,79,-102.34,USD,Services,Cash
2f659a6c-67ee-40a8-a7c2-148a6bab99a9,2023-12-17 22:22:52,74,-399.17,USD,Dining,Cash
9f7e0a7f-a7e6-4b6d-a1c9-51179e6ce5d9,2023-08-30 03:00:41,51,-144.14,USD,Dining,Debit Card
ab172096-3fcc-482f-9b6d-93d43a65e037,2023-08-30 19:49:27,24,-328.75,USD,Groceries,Credit Card
1441be35-10d4-4974-8ac8-4a910fd066b9,2024-02-10 10:48:13,14,-44.74,USD,Dining,Credit Card
e55308ff-2e9a-4326-818b-f8090d7162ee,2024-02-11 17:37:03,66,255.47,USD,Utilities,Cash
1f6b7244-11bb-45eb-9551-a3737ce87441,2024-02-12 05:31:19,25,-92.67,USD,Services,Debit Card
e6ac28bd-f4e8-42b2-aff9-29e554665347,2023-12-10 19:46:50,57,-188.61,USD,Entertainment,Cash
8fe817f5-dc77-4e13-9fda-58185858e57d,2023-05-28 19:54:38,27,-215.34,USD,Services,Debit Card
9286f32e-dd36-42d6-8700-ec0156d1b204,2023-04-02 06:13:23,3,-248.44,USD,Entertainment,Credit Card
38f1cc98-c64d-41fa-8ae5-8351bc49f341,2023-07-20 14:57:38,85,-339.15,USD,Services,Debit Card
bb70184d-c43f-435c-a4ac-6b8f096fb786,2023-10-31 08:01:35,24,315.77,USD,Electronics,Credit Card
0bec1c80-8c94-4c20-aec2-40479dd9e73c,2023-05-29 03:27:17,2,460.8,USD,Services,Credit Card
480fb17a-9974-4a30-88d4-20226b8c1ffd,2024-01-10 04:13:35,36,-105.44,USD,Entertainment,Credit Card
350dc1e7-ce69-464f-b8d7-0003489a2073,2024-04-01 21:26:51,30,-431.63,USD,Dining,Debit Card
fcddd257-d14e-4970-8dde-a0219228e424,2024-01-06 18:55:37,50,-83.92,USD,Electronics,Debit Card
52b9ceb5-baa2-4835-9044-57039c133c58,2023-10-08 23:53:56,36,-97.94,USD,Entertainment,Credit Card
77e1b567-9938-4773-b1ec-8c1b005e0e65,2024-01-20 03:37:00,51,188.42,USD,Dining,Cash
c86f5b31-abd3-4129-8df9-bee8cf666384,2023-05-18 21:34:20,11,437.14,USD,Electronics,Cash
b9735a85-b306-4c13-983d-089b393e2ced,2023-08-24 19:21:21,11,401.22,USD,Groceries,Credit Card
2eea8381-91b2-436c-8782-59a70b7f551e,2023-04-09 03:31:40,52,309.37,USD,Utilities,Debit Card
b7c6fa16-4080-4a88-b76a-61a95dfc748a,2023-06-06 23:47:47,58,330.49,USD,Groceries,Credit Card
300391b7-ffab-42f3-8d73-d72330d459da,2024-02-29 00:41:22,38,221.4,USD,Groceries,Debit Card
a6f6c3af-f642-46ca-9d21-f2ba8ed54de3,2024-02-18 09:46:43,48,16.29,USD,Electronics,Debit Card
c49112b3-6c47-4634-9312-198015574b9b,2023-07-06 13:48:15,82,-464.13,USD,Services,Debit Card
db3b8e9c-3311-4d51-b8f7-6634dc9431e3,2023-08-21 00:10:00,38,-56.46,USD,Utilities,Cash
105dbec6-a9ed-466f-b21f-585fc330928e,2024-03-15 14:35:53,93,-260.62,USD,Groceries,Credit Card
1684d7ab-f707-483d-a4ca-47065d625e96,2023-04-14 01:06:43,66,-258.43,USD,Utilities,Cash
28c8492c-1a96-48c0-991e-8c7163775d1c,2024-03-29 05:28:34,39,-307.97,USD,Entertainment,Cash
d3da71ee-bdb3-4a60-966a-cd2ae62571b7,2024-02-18 02:14:42,16,-210.2,USD,Entertainment,Credit Card
5d985901-42df-4958-a447-84714b0dec5c,2023-08-19 08:22:07,95,-489.84,USD,Electronics,Credit Card
2b235d5f-6793-4e4e-abef-14324e98404e,2023-08-20 19:13:13,20,76.71,USD,Utilities,Cash
1f4134e0-c208-4c53-95a6-ee05b6543d7b,2023-12-24 20:11:21,90,-338.57,USD,Entertainment,Cash
48ef28e4-06de-498c-bc84-c7b7801a2d31,2024-01-09 10:41:00,72,-89.29,USD,Utilities,Debit Card
7d5425f5-40ae-419a-9f0d-04f2d721893b,2023-09-24 10:21:20,40,-57.61,USD,Services,Credit Card
a2c8db50-22ae-4706-af5d-133ddcaaaa77,2023-12-22 10:58:10,28,-448.57,USD,Groceries,Cash
9599b86a-5254-4e85-a596-73d7620a6566,2023-09-27 23:20:47,26,-46.77,USD,Utilities,Cash
6e0a8e27-0033-4d90-a1ee-e0e11a25e1b8,2024-01-23 11:15:34,67,-167.39,USD,Utilities,Credit Card
acf6ca6c-12eb-4023-92d7-abf04fea1020,2023-12-22 20:38:44,4,391.22,USD,Entertainment,Credit Card
d7982609-15af-47cf-8326-37229b714af2,2023-08-15 12:49:46,53,384.87,USD,Dining,Credit Card
8a4317bc-e69f-4f0d-920b-f63bb5651a03,2024-01-02 06:00:42,53,403.36,USD,Entertainment,Cash
864adefe-b9d3-4355-a1eb-7062f3ca39cb,2023-10-26 17:42:44,73,488.02,USD,Services,Cash
ca25fe74-cee0-4438-8d79-9d6051c31866,2023-06-14 12:06:55,45,-420.53,USD,Groceries,Cash
90a69fb5-bae7-4883-ac4c-bb03b4448d70,2024-01-23 14:45:28,65,221.1,USD,Dining,Debit Card
6e413759-6a55-4696-a1f7-c90c2f1bcdc3,2024-01-04 07:09:40,77,237.97,USD,Utilities,Credit Card
ec967ff7-4334-4df9-ab04-5888528b33ce,2024-02-13 03:11:33,72,217.18,USD,Dining,Debit Card
7127522e-aff5-40fd-be0a-6dfacb924938,2023-12-03 23:57:02,65,492.56,USD,Entertainment,Cash
4080c34a-c8ad-4bdf-9e66-678e4a2bf519,2024-01-04 17:06:02,70,362.55,USD,Dining,Cash
73ec3310-a890-40d5-ae06-ffa214058be5,2024-01-04 21:42:43,29,-463.09,USD,Entertainment,Cash
34d2902a-ab17-40a5-a1d9-26fe0312fbcc,2023-11-18 08:25:53,44,177.89,USD,Dining,Cash
8e710809-8136-491c-a915-196cc71b949e,2023-12-23 02:04:21,89,377.74,USD,Electronics,Debit Card
89327128-e203-4a63-ba72-784c0a7d7d7f,2024-01-02 15:44:02,83,429.28,USD,Entertainment,Cash
5a07894e-3fa8-435e-a944-a83b2b1d7bb8,2023-12-19 22:54:29,35,417.26,USD,Groceries,Cash
b3902194-26e4-4896-a883-0276a7291d42,2023-06-19 23:12:59,40,447.41,USD,Services,Cash
9dcf393c-5d77-4d5b-80c8-2ec76129d643,2023-10-16 18:13:38,76,-10.23,USD,Groceries,Debit Card
ef800e74-2e7c-44ad-884d-2c9b31468010,2023-04-25 02:59:16,71,346.27,USD,Electronics,Debit Card
580755fd-acfd-48c4-8da4-dc44f18d3a29,2023-05-19 19:14:17,79,-309.19,USD,Services,Cash
5f0a2d1b-0d3e-445a-87c8-47e66e5fcf67,2024-01-17 07:49:23,100,336.32,USD,Groceries,Cash
e226bc28-66de-493a-8204-425e268498f8,2023-09-06 06:44:05,73,-86.71,USD,Dining,Debit Card
96663b39-a4aa-4283-a673-cf73eb1109c3,2024-03-21 00:48:18,51,135.95,USD,Entertainment,Credit Card
fe4d4d4e-e94c-4533-ae53-45c19a50262d,2023-08-08 10:55:29,23,0.99,USD,Groceries,Cash
7b971d57-7f32-4cce-b431-f556aedf5a54,2024-02-08 19:40:23,42,474.66,USD,Utilities,Debit Card
e03671f1-6737-44a4-b805-0bac581aec48,2024-03-17 15:25:29,5,-250.39,USD,Electronics,Credit Card
19256a2c-8614-4fba-960a-42b093999373,2023-08-10 02:22:03,45,250.27,USD,Utilities,Debit Card
afde099b-42c3-4fcb-869a-8ff03f1d2a41,2023-10-09 21:48:43,66,-278.38,USD,Dining,Debit Card
cc2652c9-b75b-4885-b4e7-9439e6e22105,2023-11-16 21:52:31,12,-428.84,USD,Dining,Debit Card
3d920ede-56ad-4d78-8405-1d0cbd89009c,2023-12-01 09:19:46,35,-472.36,USD,Dining,Cash
0e85eb40-e79e-4679-9821-088b5d4bf2bf,2023-08-16 14:39:27,58,379.85,USD,Services,Credit Card
d226d2b7-72fe-4313-81b7-36a37c0bdbe5,2023-07-16 20:45:47,9,151.03,USD,Utilities,Debit Card
dece8550-0c87-4cc7-a2c2-d14da6a2d608,2023-05-03 04:06:34,53,278.75,USD,Electronics,Credit Card
460c1eb5-3fd9-4256-b422-a40ea96aa24b,2023-06-22 16:14:40,14,32.22,USD,Electronics,Cash
c7c52ea5-9308-43cd-87ec-652749409f87,2023-04-03 04:38:10,94,211.3,USD,Electronics,Cash
24a7c502-7671-491d-9969-5100afce8758,2023-04-17 05:53:17,70,362.61,USD,Services,Debit Card
0a0592d6-dcc2-44b4-a790-a4cf8d9e5f0c,2023-04-07 08:32:53,48,-335.42,USD,Utilities,Cash
774c2d18-018e-45dc-922d-66169e6c6c99,2024-03-17 01:41:06,75,-19.59,USD,Services,Credit Card
de9a30a6-74c8-476a-82d8-b701c59b02df,2024-03-11 12:36:02,100,411.38,USD,Groceries,Debit Card
e2c24c0f-3123-481f-aa83-739fc7f3f534,2023-06-15 04:13:41,45,-52.69,USD,Groceries,Cash
3e42475f-984a-466d-90f9-6dc73db74cff,2024-01-11 19:29:19,61,360.99,USD,Services,Credit Card
fe4234c9-8a8a-449c-bf58-a3fb9d1fdba1,2024-03-10 15:44:54,70,457.08,USD,Groceries,Cash
23434a9b-4b12-4717-9b14-4b535c22a795,2023-04-29 04:59:23,92,-119.3,USD,Entertainment,Debit Card
a210cad0-86e2-41d7-828a-bf623674de3e,2023-04-06 13:03:56,97,-12.9,USD,Dining,Credit Card
269c82a4-fd6f-4c55-ad14-0ef80a7bac46,2023-06-14 11:48:19,85,295.39,USD,Electronics,Debit Card
ffee8862-9b91-40a8-ac8d-58857fe4f5d1,2024-03-16 22:00:58,78,292.05,USD,Utilities,Cash
c072c385-be73-4c6a-9b94-ba58fcfb8b5a,2023-08-19 06:00:33,69,-492.71,USD,Services,Cash
fb7439fe-7b90-4078-909e-e431ebb673a5,2023-06-01 23:33:04,38,138.76,USD,Utilities,Credit Card
de50f7af-6572-4381-9c9f-ef796c807089,2023-06-08 07:32:05,47,244.07,USD,Electronics,Cash
329c96c7-e77a-40d1-bd89-4e90ceb4ba14,2023-05-31 22:17:56,10,-267.76,USD,Dining,Credit Card
2c84ec50-98ea-4eeb-8501-addd6b22ef45,2023-11-12 10:23:18,76,-157.32,USD,Groceries,Cash
5d8ff1ee-e129-4db8-9d12-cadb7a60ef3a,2023-08-22 01:12:24,98,-153.19,USD,Groceries,Cash
66293d47-1c23-4122-9c50-5a141ae3838b,2023-10-25 14:15:48,99,43.93,USD,Utilities,Cash
e23ef960-88ce-4018-baaa-22964dbcbc5c,2023-11-22 20:09:25,72,490.64,USD,Services,Debit Card
44b35e36-8284-48f1-89ec-00d6342ab0b9,2023-08-01 20:53:29,12,-417.9,USD,Services,Credit Card
57417f10-367f-432a-96a3-0d94fb7df7f0,2023-08-03 00:45:27,81,-158.15,USD,Entertainment,Credit Card
196f2b7f-b481-4a25-8fac-40102b7891ba,2023-12-07 16:10:59,32,-141.87,USD,Electronics,Credit Card
11bc7428-a1fd-4029-8e94-6f00d75491e2,2023-06-01 21:27:36,44,-401.1,USD,Electronics,Cash
1f5fa7b6-a2f7-4f80-8b4c-d97d40d5f818,2023-08-16 19:59:41,56,-87.4,USD,Services,Credit Card
fbec954c-3815-4faa-ba29-7859cad8a7bd,2023-06-16 16:16:47,15,-240.78,USD,Services,Cash
a6012a32-61a6-447e-b8c0-175a72d26898,2023-10-09 11:01:38,99,-89.22,USD,Services,Debit Card
80c81a11-20e4-4299-b0db-16f00c415ca3,2023-06-20 19:57:09,77,-352.1,USD,Dining,Credit Card
ace0464e-42df-4fb3-99e7-7da0cc718c37,2023-07-08 20:36:50,72,414.92,USD,Groceries,Credit Card
c6306f8e-58e5-42b6-89ba-ef0b7578b0a7,2024-02-14 23:48:21,29,383.16,USD,Utilities,Cash
7ef976e8-7836-446c-b377-85fe180dc4e1,2023-04-29 23:08:29,64,54.08,USD,Utilities,Cash
1b572666-c7b5-479c-a9f7-c787ec398a69,2023-05-05 06:20:14,70,-158.95,USD,Groceries,Cash
de5a9afb-b008-46de-b520-55b2654f7c88,2023-11-15 14:05:33,60,-483.01,USD,Services,Cash
84ba802b-5fbe-44b0-bf8b-d6ac59f5a7f6,2023-08-01 10:51:00,7,-42.38,USD,Services,Cash
de499d7c-68bd-4999-8a07-e65a7141ae88,2023-08-24 11:26:21,51,-39.45,USD,Dining,Debit Card
549bea41-a86d-4607-bfda-209b5e9879a2,2023-04-21 07:36:38,40,363.45,USD,Services,Credit Card
05c7e69d-9e7b-4492-897c-0a2f284838ad,2024-02-07 19:20:02,87,-116.05,USD,Electronics,Cash
3ad9cb44-0be0-4722-8380-c9cea37550fb,2023-12-25 09:31:15,60,-492.55,USD,Dining,Cash
828c1182-2931-465b-88ce-9b108ff86388,2023-06-15 09:29:03,91,238.48,USD,Utilities,Debit Card
e43b792f-3090-4227-911e-f1477c54059e,2023-08-14 06:52:35,13,122.07,USD,Entertainment,Cash
6c81267a-d951-4cee-b426-5131a7c28d9f,2023-10-03 13:35:22,27,94.51,USD,Entertainment,Credit Card
a66d7999-1162-4d75-8537-c902a323ea28,2023-12-29 07:53:06,42,-136.4,USD,Utilities,Cash
03de62c1-8483-4941-889d-02147afc3984,2023-09-28 10:10:34,2,-407.95,USD,Groceries,Debit Card
d73edfd8-6f16-4e6d-86c7-027d081f0268,2023-07-24 20:01:32,51,-64.06,USD,Entertainment,Cash
71aecfe3-be6e-4241-98cf-ded3cecfc450,2023-11-27 11:47:20,50,-274.53,USD,Services,Cash
c59a8abf-69b7-4694-a8d0-7cc57da785d8,2023-11-01 16:02:19,29,375.6,USD,Utilities,Debit Card
b6647a4e-be83-435a-bc95-0bfa0f146c1b,2024-03-11 00:39:09,79,-92.82,USD,Dining,Cash
39c2f95c-74f8-4262-9b0b-e26085605034,2023-05-16 06:14:12,97,-189.1,USD,Electronics,Debit Card
6e85a91a-86fe-497a-955e-f3580ea78123,2023-05-02 17:47:44,100,43.79,USD,Services,Cash
a79b8f04-c324-4829-ac97-905b6f975632,2023-12-19 21:50:06,29,328.36,USD,Dining,Cash
226d2a17-a9fc-4ece-8c85-be1ca2b5aa49,2023-06-11 05:22:51,29,206.75,USD,Services,Debit Card
e0db20f6-94a2-407f-bd42-aa00f22e43c7,2023-06-11 03:27:36,14,86.66,USD,Services,Credit Card
59fece47-a0e8-455b-ab2a-e2f8fc99ba2e,2024-03-09 11:32:11,52,-272.35,USD,Groceries,Credit Card
6f8c0d69-6260-4c8a-9a7d-792bf597a6e2,2023-12-15 20:37:52,5,-270.04,USD,Entertainment,Credit Card
a0710bf6-4b57-4316-9997-49de4f006ba0,2023-04-19 23:09:57,60,471.7,USD,Dining,Cash
b6f6ee7a-0776-4be7-8502-0ecb116866a8,2023-12-06 05:55:47,49,-492.26,USD,Utilities,Credit Card
175e8a9d-de15-4c99-92af-7c1f5a1a26df,2024-03-15 08:26:37,69,473.4,USD,Entertainment,Debit Card
ef4cc531-e3dc-41f7-8bd1-96e17d548ccb,2023-07-17 14:03:35,13,-380.54,USD,Electronics,Credit Card
5be010c9-a087-49d6-a807-bc588ce0a12f,2023-08-06 15:49:48,36,-478.4,USD,Services,Debit Card
c660907d-05d5-44cf-99f3-6ae3b98e8651,2023-04-09 19:02:10,62,-302.17,USD,Entertainment,Credit Card
62653efa-95d7-4b65-a90b-1cf948142e95,2023-12-28 22:12:44,96,406.27,USD,Groceries,Cash
d280971d-2933-4732-9671-881f8878f174,2024-03-01 23:45:35,97,374.55,USD,Dining,Credit Card
454dd819-7963-41cd-9817-4c53112d1459,2023-08-31 00:00:22,17,124.75,USD,Services,Credit Card
b3de9a43-43a2-4b42-a392-b218b8baff99,2023-12-20 21:25:09,95,322.49,USD,Utilities,Cash
f5d3f69d-f21b-4df1-ba87-ff5a761efc07,2024-03-29 09:42:54,56,172.96,USD,Entertainment,Credit Card
6bcae5c6-ebdc-410f-b2c8-a8e39fb0d94f,2024-02-13 16:50:12,81,54.1,USD,Entertainment,Debit Card
2d6c746d-a473-4ea2-8e14-a3971a39b396,2023-10-02 20:36:54,11,187.92,USD,Electronics,Debit Card
cfb95941-3ddc-4b2e-89fe-f99b810a38f4,2024-01-15 15:36:25,47,140.04,USD,Groceries,Cash
a998e8d2-ffab-4ed3-8ce9-b298caee7826,2024-02-08 17:14:03,39,-112.03,USD,Groceries,Credit Card
ff754f26-e64f-4c82-bfeb-62704dd5ffee,2023-11-16 10:39:15,58,-77.61,USD,Dining,Debit Card
c8e5feb5-ba0e-41f6-98dc-f809b2847b81,2023-12-31 06:00:29,58,-421.55,USD,Dining,Credit Card
f6104cb0-17f9-4f31-a69a-0b6ab92d6d1e,2024-01-30 05:31:38,43,217.31,USD,Groceries,Debit Card
b5e74d35-58c7-4085-8d60-042dd14813cb,2024-01-27 13:17:32,63,174.48,USD,Services,Credit Card
4cae5d26-d64e-47e4-8bd9-2a2cb70e8802,2023-08-08 19:55:11,23,294.32,USD,Utilities,Credit Card
8a6e26a0-f50c-422f-bf54-616912982226,2023-08-02 15:09:50,25,249.42,USD,Groceries,Credit Card
c79b1b28-aaa8-4197-9574-5c89a9993f9b,2023-10-30 19:41:31,51,-317.07,USD,Services,Debit Card
309f7369-e227-4982-ae31-cc89301a129d,2024-02-04 20:23:35,75,119.16,USD,Entertainment,Debit Card
944e624c-1f05-4c5f-81a4-f63bae9a2ae8,2023-04-19 11:21:17,59,-218.93,USD,Dining,Cash
57a97d15-1058-40b8-86cd-964a143c3230,2023-10-18 11:06:43,46,-231.92,USD,Electronics,Cash
749ec8b3-d353-48af-8cdb-24721545a39f,2023-07-21 10:31:39,17,280.31,USD,Electronics,Debit Card
51029b21-d0ed-4483-9834-67883c22e40a,2023-06-20 05:13:43,49,401.84,USD,Services,Cash
d4918370-82a7-4088-8df4-aa208d493b27,2024-03-28 13:36:55,22,471.31,USD,Dining,Cash
f13ffe8a-9ec2-4d19-b1ca-85d92a7a4bb3,2023-10-13 01:03:57,59,420.12,USD,Entertainment,Credit Card
0878269a-11ba-410e-8eb9-a51b817f6fdf,2024-01-15 16:45:55,88,-314.47,USD,Utilities,Debit Card
fe15e7c2-a388-42b2-bdab-092df802a5b3,2023-08-29 05:43:44,5,-205.44,USD,Utilities,Credit Card
5584fef4-6571-4927-b3ef-0d9f0db15d81,2024-01-17 05:09:26,67,61.45,USD,Utilities,Credit Card
64794449-d95b-4e5a-986e-a3cb8ed89089,2024-01-23 01:46:23,73,32.7,USD,Electronics,Credit Card
ad13cdf8-9fd8-4044-acc8-09b53b4f12e7,2024-02-04 19:55:39,88,-263.24,USD,Services,Credit Card
dab87936-a166-4496-8075-2e59983a1598,2023-09-27 12:25:29,29,298.19,USD,Services,Cash
7f887e7c-a694-4a41-b6b0-b022c7d98f13,2023-05-27 05:27:36,30,-305.84,USD,Entertainment,Debit Card
1b379c1d-b6f4-4d46-9dcb-1082b8100728,2024-03-01 00:41:09,73,-320.24,USD,Utilities,Debit Card
ba7e51fc-f896-4f69-969d-cd960e680296,2023-10-06 11:02:46,77,-272.63,USD,Groceries,Credit Card
d7a6fed5-64be-4709-a422-810fb4de0026,2023-11-17 03:33:11,51,-258.66,USD,Services,Cash
4fbedfb3-ce47-4728-be92-d7ee881cfa21,2023-11-23 15:16:59,34,320.89,USD,Dining,Cash
73344d0c-9511-49c6-870d-7bc74d10abdf,2023-11-30 18:29:39,49,398.23,USD,Groceries,Credit Card
86edfa69-0939-416b-ba46-a65e28002ed0,2024-04-01 15:12:34,75,302.98,USD,Entertainment,Debit Card
48d7a03c-c953-4c52-88b8-d8457f00fe75,2023-09-27 23:41:21,10,-305.45,USD,Entertainment,Credit Card
7fbb4540-0ba1-4600-a3d4-872a853a33b4,2023-09-02 21:45:05,60,-268.7,USD,Groceries,Debit Card
aefa8d83-4f4e-4165-89ea-bf06a20e5485,2024-02-07 18:48:16,59,50.87,USD,Groceries,Credit Card
a65a9be9-6f74-4d5d-88a0-c4640f913dbd,2023-11-21 22:47:19,93,-88.01,USD,Services,Debit Card
624a022a-bd57-4efe-bc8c-205de6d5a5b4,2023-12-22 21:37:29,21,494.97,USD,Entertainment,Cash
2594daef-ec64-4948-9ea3-fdedb98fe23f,2024-01-12 18:58:11,34,260.41,USD,Dining,Debit Card
fda75daa-dd0e-4002-97a5-2dbbbeaf886e,2023-10-09 23:21:58,95,-282.29,USD,Utilities,Debit Card
06d86e2a-14dd-4c63-92f8-0df839af101e,2024-02-08 16:42:52,8,258.8,USD,Electronics,Debit Card
708505e2-cef0-4037-b0e8-8c1249fd95e7,2023-06-04 18:17:19,84,346.14,USD,Dining,Debit Card
e9055eeb-1290-477f-b3a6-12cdce99faf1,2023-11-22 23:02:03,69,404.1,USD,Entertainment,Credit Card
aab52969-98db-4db9-83b2-03d5c0ce8ed3,2023-07-06 19:59:17,33,73.14,USD,Dining,Credit Card
2b349f49-8a1f-4447-83bf-4d9c86cd5795,2023-09-04 16:25:47,50,-384.28,USD,Utilities,Credit Card
55c519be-fa20-4bfa-8ddf-1c58d384d892,2023-12-15 19:05:03,53,-334.79,USD,Dining,Credit Card
25943507-41d2-469a-a01b-6dd13345c0a3,2024-02-13 02:14:04,77,287.57,USD,Electronics,Cash
3dd27a42-7e71-424a-9a5a-fa3c6ab9b983,2023-04-24 01:40:42,69,411.71,USD,Entertainment,Cash
b40d27bd-e040-4420-ac19-f8d0831662a4,2023-07-13 16:45:34,11,295.39,USD,Entertainment,Cash
33170aa6-7459-4d10-82af-13b1347edd83,2023-07-29 09:36:44,3,-427.09,USD,Electronics,Debit Card
90e38a26-f461-427d-8f16-4e74803120a7,2023-10-11 19:16:26,75,-352.17,USD,Groceries,Debit Card
9a10c70e-98aa-4ad2-b611-ee59f6cab141,2023-06-04 16:35:49,5,-47.05,USD,Groceries,Cash
d1c4c9df-e194-4d8a-a61c-8e4c32c2a965,2024-01-27 18:56:22,34,103.53,USD,Dining,Debit Card
080e7a0c-b8ae-4336-9f38-9d4fae26f451,2023-08-26 19:30:20,98,-473.91,USD,Dining,Cash
8cd681ef-077b-4bcf-b238-7a3ba2e1b2ff,2023-12-19 00:28:33,82,343.06,USD,Groceries,Cash
ae806546-a334-4fee-865d-ac312c50b274,2023-06-06 02:25:46,48,-163.21,USD,Utilities,Credit Card
851d4adb-c480-441b-b0bd-f5fbe4f119a0,2024-02-23 15:03:32,28,370.88,USD,Services,Debit Card
08d18590-7bec-4a23-9de7-3cd5a8d9a683,2024-03-15 17:23:14,50,-51.89,USD,Electronics,Debit Card
fcea76bd-d4d0-48fa-9c83-4af8c9bfa8e1,2023-12-22 10:52:05,42,-413.76,USD,Groceries,Credit Card
7228db8f-e4d0-41bf-b230-a35a4f63de93,2024-03-21 23:48:26,80,479.37,USD,Groceries,Cash
be338a40-8d65-48bd-99fd-ea86b0cf4425,2023-08-17 10:21:11,80,415.87,USD,Groceries,Debit Card
857d1c20-961f-4e9c-908d-3c92c65463c8,2023-07-02 06:05:31,13,-22.66,USD,Groceries,Cash
19da583c-6289-451a-a79f-8d586658e21c,2024-02-10 13:24:53,75,266.12,USD,Entertainment,Credit Card
f15dca00-2752-422b-8576-f4aaf944e858,2023-11-12 09:14:27,75,84.33,USD,Utilities,Debit Card
47b00264-81dc-4a68-af41-d3d589cbb8f8,2023-06-28 04:10:33,70,-367.99,USD,Entertainment,Credit Card
b457e1c7-12b7-4132-bc0f-667d8df6c69f,2023-06-02 10:17:08,33,-386.76,USD,Entertainment,Credit Card
f5b01100-ef3b-4ab5-b0e8-9d527a87f675,2023-10-06 06:15:57,3,4.38,USD,Dining,Credit Card
c6fdf606-051f-4d02-bea6-ef82159c4a96,2023-10-22 07:17:06,51,-441.55,USD,Dining,Cash
9fa39b00-a84d-4aff-badc-f4780d0a3de9,2023-08-20 08:48:55,78,-382.21,USD,Groceries,Debit Card
afecd7a4-4e39-4bcf-9d33-ba4d11ee5b00,2023-06-06 11:25:42,57,223.29,USD,Groceries,Cash
53125826-93c6-4614-9765-e34ecb325bd7,2023-10-12 01:01:25,68,-115.82,USD,Groceries,Credit Card
767cfaef-9194-46f1-83bf-adcde229d9b8,2023-10-16 08:21:14,64,-437.52,USD,Entertainment,Debit Card
e55f49d9-9d05-47ee-be35-ee9c12921d16,2024-02-14 01:02:45,58,-61.3,USD,Dining,Debit Card
64abe4d4-8796-469e-a2ec-15e5f78e6a76,2023-07-05 04:39:22,4,443.8,USD,Electronics,Debit Card
3c07cc31-9313-4afc-b7ff-69189ef8b4f2,2023-10-24 13:48:09,58,-10.88,USD,Services,Debit Card
c25603f9-4b74-4c61-8d0f-8437f99a266c,2023-05-02 00:47:12,6,11.28,USD,Services,Credit Card
ca57baf4-7735-4725-b088-c534725aa322,2023-11-13 19:22:48,28,-184.01,USD,Dining,Debit Card
c4af6f2d-cad2-4611-adf1-2ca0acb71e22,2023-08-20 19:44:35,93,-227.61,USD,Entertainment,Cash
a977e3e1-ccaa-4577-8713-6b0f387f0f08,2023-10-02 17:11:45,44,-421.09,USD,Services,Cash
d92f20b7-e7c7-4c24-b658-34b4b6f1172c,2023-11-14 04:52:47,41,-261.36,USD,Dining,Cash
bd182f3c-da36-492d-969a-3f72928a8c70,2024-02-15 07:27:04,76,-228.74,USD,Utilities,Debit Card
34a11327-002c-4264-b72d-15c040d2f989,2024-03-02 07:43:55,66,377.57,USD,Utilities,Credit Card
0abf3ad5-0e47-4995-87e6-e3c9b4f69130,2023-04-06 04:43:35,63,-99.46,USD,Services,Debit Card
806d7ad2-8628-4378-a7bf-9ed3a0152f44,2023-08-09 23:22:13,97,-34.19,USD,Dining,Credit Card
6bd19eaa-de00-4a15-b2af-70ecdec9e0c6,2024-03-04 05:51:50,35,-399.97,USD,Utilities,Credit Card
aa06bb87-8235-4f35-87f3-00f4d0bdd7cf,2023-05-31 12:34:07,5,-481.56,USD,Electronics,Debit Card
8718f1e2-be64-4732-82e0-fc640fc70e01,2023-06-07 07:34:21,87,-280.92,USD,Dining,Debit Card
66770622-177a-4e6b-ab4b-ca82899391c0,2023-07-07 21:01:01,24,307.01,USD,Services,Cash
00201eff-15b4-422b-bbc9-d552f9c1ff5d,2023-10-10 04:19:59,37,-307.74,USD,Electronics,Credit Card
efc067ef-438d-42cd-ba3b-63f966284eaa,2024-01-04 13:26:10,77,-422.98,USD,Services,Cash
ce1a2e9e-3845-4fd1-9fba-6e2da1bc2104,2023-08-11 07:47:07,74,174.92,USD,Entertainment,Debit Card
45515dfa-62c1-4121-a2a8-7390fd6e7704,2023-10-30 18:42:06,87,7.01,USD,Utilities,Credit Card
fcb98fe4-94c0-4ee0-a053-e6424e270c05,2023-06-26 07:18:37,91,-167.96,USD,Dining,Debit Card
af0c5ae9-1987-4aeb-8055-c563afe3395b,2024-03-22 20:52:24,57,116.08,USD,Groceries,Cash
2a4b4d18-28c5-4588-b97f-a8918cc93728,2023-07-02 05:25:38,27,6.86,USD,Groceries,Cash
57bf25b3-49ca-4c0d-943c-c6b451488287,2023-04-23 15:46:41,24,-201.54,USD,Services,Debit Card
ddcb5821-ae6c-406c-adb5-d0b2a4faf463,2023-08-18 08:27:40,88,495.13,USD,Services,Debit Card
05b4a3ba-0960-4a86-bbd0-9df7e2b62aa6,2023-12-04 05:37:50,76,-412.5,USD,Entertainment,Credit Card
1c494e78-119d-4013-9602-a76227addb71,2024-03-01 16:14:01,11,249.5,USD,Dining,Cash
ba98a78d-d1d0-4609-a463-089bcffa0067,2023-08-19 19:28:42,30,447.27,USD,Services,Debit Card
9e7d6769-32ae-45f4-b1a3-e8ad3a53a1c2,2023-12-13 15:42:00,17,261.38,USD,Utilities,Cash
6917bf91-29d5-4872-863d-872f261878e1,2023-04-18 04:05:24,78,-338.0,USD,Electronics,Cash
9802c950-15f3-4cd2-ad7c-feea48caaf16,2023-04-14 20:31:34,62,87.22,USD,Entertainment,Cash
26e6c672-6367-459e-bc05-30b2370a79f7,2024-03-07 23:24:32,47,466.67,USD,Dining,Credit Card
057f6806-c803-4a5b-9766-b538feff1b64,2023-11-23 05:49:27,48,69.78,USD,Services,Credit Card
1530f303-18c8-4c4c-8764-2577a3886418,2023-05-06 23:23:52,76,-187.23,USD,Dining,Cash
