,beds,baths,size,lot_size,zip_code,price,Area,Possibility to negotiate,Price cut on original price
0,5,3.5,2438.7,5468.3,98144,754767.6,South,Middle,14256
1,6,3.0,2162.4,13068.0,98106,882395.8,West,High,28432
2,5,4.0,1923.2,3508.1,98107,906536.3,North,Low,45326
3,6,5.0,3729.2,5080.2,98199,1850627.0,West,Middle,67856
4,3,4.0,1090.3,39204.0,98107,709016.5,North,Middle,10241
5,3,3.0,623.4,5725.9,98133,432116.1,North,High,13923
6,6,4.5,4293.4,5756.5,98105,3087817.6,East,Low,72049
7,5,3.5,1484.7,701.8,98108,557502.3,South,Low,25397
8,6,3.0,2179.8,9199.3,98178,653222.3,South,Middle,32661
9,5,4.0,1219.8,1250.5,98103,873158.5,North,Middle,24254
10,5,4.0,1630.0,3662.4,98177,994980.6,North,Middle,14371
11,4,3.5,2425.1,5682.0,98103,889895.4,North,Middle,24719
12,6,4.0,2475.6,6027.8,98115,1485771.9,North,Middle,74288
13,6,2.5,2435.7,4715.8,98199,1205503.0,West,Middle,60275
14,5,3.5,2885.1,3801.4,98119,1697559.7,Central/Downtown,Middle,32065
15,5,5.5,1934.2,1531.6,98117,958735.1,North,Middle,47936
16,4,3.0,1291.0,1051.4,98199,834923.9,West,Low,26903
17,5,4.0,2530.1,5194.9,98116,1178944.1,West,Middle,43227
18,4,2.0,760.8,4837.0,98133,499012.6,North,Low,20514
19,5,3.5,1197.6,8606.2,98146,606404.8,South,Middle,8759
20,6,4.5,3053.4,9083.9,98133,1161072.0,North,Middle,52893
21,4,2.5,805.2,8712.0,98103,651163.2,North,Middle,9405
22,4,3.0,3030.2,4692.8,98117,1201429.1,North,Low,38712
23,6,3.0,1843.0,7720.9,98125,859087.9,North,Middle,31499
24,4,3.5,1625.5,1629.7,98108,702095.6,South,Middle,16382
25,5,7.5,2777.6,5076.1,98126,1439006.7,West,Low,33576
26,4,4.0,1502.3,1307.5,98115,894000.9,North,Middle,28806
27,3,3.0,790.4,13068.0,98119,408998.4,Central/Downtown,Low,13178
28,5,2.5,1916.2,7967.3,98118,468879.4,South,Middle,4688
29,5,4.0,1741.7,3202.7,98146,768846.3,South,Middle,7688
30,7,7.0,2316.1,8712.0,98133,955524.1,North,Middle,47776
31,4,4.5,1384.3,1015.6,98103,997620.6,North,Middle,32145
32,6,5.0,2824.9,6084.3,98133,890487.6,North,Middle,40566
33,4,4.0,2670.3,5738.5,98103,878061.6,North,Low,20488
34,3,3.0,561.7,21780.0,98109,434601.7,East,Middle,10140
35,4,4.0,1197.3,2947.8,98112,744967.0,East,Middle,17382
36,4,2.0,1179.4,4805.5,98126,689200.8,West,Middle,13018
37,6,3.5,2189.1,3778.2,98106,970857.6,West,Low,22653
38,7,5.5,3502.7,13068.0,98136,2181713.1,West,Low,89692
39,6,4.5,2341.1,2693.2,98115,1473719.7,North,Middle,21287
40,5,5.0,2207.3,6311.7,98117,1688588.9,North,Middle,24390
41,3,2.0,657.3,6901.9,98177,563684.5,North,Middle,15657
42,4,3.0,2411.6,5753.5,98126,791162.9,West,Middle,25493
43,5,3.0,1494.5,6178.6,98199,1000102.4,West,Low,14445
44,3,2.0,730.7,2940.9,98103,689099.2,North,Low,22204
45,7,5.0,2669.6,5891.6,98136,791057.9,West,Middle,29005
46,7,4.0,2783.6,3474.3,98112,1390230.6,East,Middle,32438
47,3,4.0,999.0,4998.4,98122,764998.1,East,Middle,31449
48,5,4.0,1562.1,7406.8,98125,541631.6,North,Middle,19859
49,5,4.5,1392.9,7567.6,98105,792918.5,East,High,7929
50,4,3.5,1281.6,1021.0,98122,704016.6,East,Middle,19556
51,5,7.5,3812.9,8515.5,98105,5000086.0,East,High,205559
52,7,5.0,2232.6,13068.0,98168,537079.0,South,High,19692
53,7,5.0,2746.0,5873.7,98136,821192.8,West,Low,11861
54,4,2.0,1010.0,3468.8,98117,527673.1,North,High,5276
55,6,4.0,2050.8,4716.2,98117,925194.9,North,High,29811
56,5,3.5,2493.6,4003.3,98119,1181360.8,Central/Downtown,Low,11813
57,4,4.0,1227.6,1227.7,98103,709126.7,North,High,10242
58,4,4.0,2603.2,6399.4,98103,1458381.4,North,Low,53473
59,6,4.5,2004.9,39204.0,98117,1462064.4,North,Low,40612
60,4,3.0,2177.5,6617.5,98178,836654.6,South,Low,38114
61,6,3.5,2543.6,6959.2,98115,1827630.7,North,Low,42644
62,5,2.5,1250.1,4676.2,98106,586978.2,West,Middle,16304
63,8,5.5,8102.2,13068.0,98102,3962788.3,East,Low,110077
64,5,2.0,1773.6,13068.0,98168,500038.9,South,Middle,20557
65,4,2.0,805.9,6097.1,98118,514292.2,South,Middle,7428
66,5,5.5,1392.4,1212.7,98103,601052.4,North,Low,16695
67,5,3.0,1066.8,5948.0,98106,571100.4,West,Middle,26016
68,5,4.5,2381.9,8712.0,98146,1532458.8,South,Low,35757
69,4,6.0,2164.7,881.7,98109,1587832.1,East,High,79391
70,5,3.0,1403.8,39204.0,98144,840735.4,South,Middle,23353
71,5,4.5,2549.7,3225.9,98118,968591.3,South,Low,35515
72,3,3.5,1717.9,6560.0,98115,840320.5,North,Low,27076
73,2,3.0,574.9,21780.0,98109,342660.7,East,Middle,11041
74,4,7.5,1478.9,1281.6,98103,589706.2,North,Middle,26864
75,4,2.0,809.4,4970.8,98118,470432.8,South,Middle,19340
76,4,4.0,1837.1,4563.2,98105,866268.7,East,Middle,35613
77,5,4.0,1966.5,8712.0,98133,732996.8,North,Middle,36649
78,5,5.5,2720.9,3930.6,98106,912155.9,West,Middle,21283
79,5,2.0,2016.5,4659.6,98105,1145609.0,East,Middle,21639
80,4,4.5,1676.9,161172.0,98118,657422.5,South,Middle,27027
81,5,6.0,2786.2,3928.3,98119,1429368.3,Central/Downtown,Middle,65115
82,4,4.0,1742.3,6101.6,98118,912229.9,South,Middle,45611
83,5,5.0,1392.1,490.8,98117,720752.6,North,Middle,36037
84,5,4.0,2230.4,4930.3,98119,1366436.8,Central/Downtown,Middle,31883
85,6,5.5,2859.4,7458.0,98117,1713337.5,North,Middle,78052
86,6,6.0,2950.8,5431.3,98119,1522404.3,Central/Downtown,High,35522
87,5,2.0,1030.8,3502.8,98106,367984.9,West,Low,16763
88,5,4.0,1611.3,4608.6,98199,842814.0,West,Middle,15919
89,5,4.5,2464.2,7692.9,98136,1029564.2,West,Middle,10295
90,3,2.5,2650.7,5615.4,98102,1098198.9,East,Low,20743
91,5,3.5,2442.9,4658.1,98115,1502206.9,North,Low,35051
92,11,6.0,3545.2,5796.3,98116,1244651.2,West,Middle,23510
93,6,3.0,1854.4,5604.7,98168,589481.9,South,Middle,24234
94,3,2.0,745.0,8712.0,98133,352547.7,North,Middle,3525
95,5,5.5,2422.4,3725.4,98108,1121111.9,South,Middle,46090
96,6,5.0,2066.2,5013.1,98115,1086887.1,North,Low,20530
97,6,3.5,1905.0,4513.2,98116,936745.2,West,Middle,17694
98,4,5.5,1272.4,951.6,98117,670092.4,North,Middle,21591
99,2,3.0,680.5,174240.0,98115,314279.2,North,Middle,7333
100,3,4.0,1745.3,9156.2,98125,763660.3,North,Low,7636
101,5,5.5,2748.5,17424.0,98177,1348082.4,North,Middle,67404
102,7,9.5,2990.4,4089.2,98115,1541301.2,North,Middle,63364
103,4,3.0,1087.9,517.3,98115,694533.9,North,High,31639
104,3,3.5,1415.3,852.1,98105,840037.3,East,Low,38268
105,3,3.0,1444.9,4436.6,98126,656778.7,West,Low,18243
106,3,3.0,855.9,609.0,98107,529014.1,North,Middle,17046
107,5,4.5,1877.1,1504.6,98115,827969.7,North,Middle,37718
108,5,4.5,1439.6,1251.0,98117,810175.9,North,Low,36908
109,4,4.0,1657.2,4584.2,98122,1150427.2,East,High,47295
110,6,4.0,2013.7,5711.5,98125,868415.6,North,Low,24122
111,4,2.5,1229.5,1229.2,98115,779647.9,North,Low,35517
112,3,3.0,581.1,8712.0,98146,431105.6,South,High,17723
113,5,4.0,1739.0,2899.7,98144,893028.8,South,Middle,24806
114,3,2.5,1255.3,3075.6,98133,549386.9,North,Low,27469
115,4,3.0,1040.0,65340.0,98119,594565.8,Central/Downtown,Middle,13873
116,7,5.0,2739.0,4601.2,98103,1248744.8,North,Middle,29137
117,6,4.5,2342.1,3109.9,98109,1578884.5,East,Middle,43857
118,4,4.5,2564.3,3809.6,98109,1570096.4,East,Middle,29657
119,4,4.5,1642.2,1585.0,98117,791150.1,North,Middle,29008
120,4,4.0,1468.1,2186.6,98126,711773.3,West,High,32425
121,5,2.0,1560.5,2557.6,98122,495434.4,East,Middle,11560
122,5,2.0,1138.6,5408.8,98105,1073904.0,East,Middle,34603
123,6,5.0,1892.0,4758.1,98144,880256.1,South,Low,44012
124,5,3.0,2343.6,4445.2,98126,1141462.9,West,Middle,16487
125,4,3.5,1550.1,3585.3,98117,772733.4,North,High,38636
126,3,3.0,776.5,8712.0,98121,616233.0,Central/Downtown,Low,28072
127,4,3.0,1534.6,8420.2,98106,693193.4,West,Middle,31578
128,4,2.0,829.6,3791.6,98108,471877.7,South,Middle,17302
129,6,3.5,2819.5,8098.4,98168,513654.4,South,Middle,18833
130,3,2.5,945.6,1430.9,98106,522611.5,West,Low,9871
131,4,4.0,1510.2,5413.0,98168,587410.8,South,High,8484
132,4,4.0,1728.3,4046.1,98126,731441.9,West,Middle,26819
133,6,3.5,2902.4,4534.1,98115,1372995.3,North,High,50343
134,7,4.5,3477.4,6987.8,98118,1221602.1,South,Low,44792
135,4,4.5,2248.6,6729.8,98115,1427158.5,North,Middle,39643
136,5,4.5,2050.9,9327.7,98117,949089.8,North,Middle,34799
137,4,3.0,952.7,5461.8,98118,653308.8,South,Low,29761
138,4,3.5,1116.4,43560.0,98144,637790.9,South,Middle,17716
139,5,5.0,2200.0,9391.3,98178,1185150.4,South,Middle,53990
140,7,5.0,3000.2,5177.3,98122,2018317.3,East,Middle,100915
141,6,5.0,3545.7,4560.0,98107,1426527.5,North,Middle,26945
142,3,3.0,1685.8,4942.8,98116,941594.1,West,Low,9415
143,4,3.0,1170.6,796.3,98136,680000.8,West,Low,12844
144,4,3.0,1376.7,3334.8,98117,683008.7,North,Low,34150
145,6,4.5,3681.3,13068.0,98125,3034262.2,North,Middle,97770
146,7,6.0,3465.9,5256.6,98119,1353390.5,Central/Downtown,Middle,13533
147,5,2.5,1307.4,6218.8,98178,637321.0,South,Middle,26200
148,4,5.0,1728.9,13068.0,98101,2300294.5,Central/Downtown,Low,33226
149,6,4.0,2333.7,4831.6,98115,1237622.5,North,Middle,56380
150,5,4.5,2094.0,4898.0,98106,812619.6,West,Middle,33407
151,7,4.0,2885.0,30491.999999999996,98178,749083.7,South,Low,7490
152,6,5.0,3080.8,17424.0,98168,714242.9,South,Middle,10316
153,4,3.0,1636.3,4231.6,98115,690258.4,North,Middle,25309
154,6,4.0,1970.9,6797.9,98178,622952.2,South,Middle,8998
155,3,3.0,814.1,5955.7,98126,450766.8,West,Middle,10517
156,5,5.5,3714.0,6612.4,98144,2306233.1,South,Middle,43562
157,6,4.5,3058.5,6135.4,98115,1471046.3,North,Middle,73552
158,2,2.0,603.1,13068.0,98133,265596.0,North,Low,9738
159,5,3.0,1794.6,4927.3,98106,620645.9,West,Middle,11723
160,5,3.5,1408.2,1852.3,98118,807314.0,South,Low,40365
161,7,5.5,3296.1,8712.0,98106,922016.1,West,Low,13318
162,5,4.0,2357.9,3259.0,98119,1232779.8,Central/Downtown,Middle,61638
163,4,3.5,1040.0,43560.0,98144,657069.3,South,Middle,27012
164,4,3.0,1085.4,682.9,98103,692341.9,North,Middle,19231
165,4,4.0,1838.6,4693.8,98199,413784.3,West,Middle,17011
166,4,2.0,1728.2,4244.5,98116,660444.8,West,Middle,18345
167,6,5.0,1600.4,2847.3,98117,816182.0,North,Middle,15416
168,4,4.0,1105.4,888.6,98103,697094.5,North,Middle,19363
169,5,5.0,2138.3,3356.1,98105,1337474.2,East,Low,49040
170,4,3.5,2259.8,4636.4,98117,1027962.9,North,High,33123
171,5,6.0,2502.3,5537.5,98103,952948.5,North,Middle,26470
172,7,6.0,3838.7,4907.3,98105,2558835.2,East,Middle,59706
173,6,4.0,2619.5,9694.1,98177,1291421.3,North,Middle,12914
174,4,3.0,906.4,3987.2,98107,844478.8,North,Middle,19704
175,6,6.5,2223.1,4855.8,98105,1756775.7,East,Low,56607
176,3,3.0,1073.5,2498.3,98117,573376.3,North,High,15927
177,6,4.5,1792.0,2939.8,98103,1190802.7,North,Low,59540
178,4,4.0,1070.6,39204.0,98121,1053768.1,Central/Downtown,Middle,38638
179,5,4.0,2246.4,3754.5,98105,2015125.9,East,Middle,64931
180,3,4.0,1026.6,4995.1,98133,611398.1,North,High,22417
181,4,2.5,1083.9,5686.9,98122,674905.4,East,Low,27746
182,4,4.0,1336.5,1897.9,98136,724332.8,West,Middle,10462
183,5,4.0,1474.3,3934.7,98117,701369.6,North,Middle,19482
184,5,4.5,1362.1,2130.9,98106,542326.9,West,Middle,5423
185,16,7.0,10293.0,13068.0,98112,3502560.8,East,Low,97293
186,6,3.0,1683.2,4686.4,98105,924867.4,East,Low,46243
187,5,4.5,3552.5,4031.3,98103,1584709.7,North,Low,29933
188,6,4.0,1952.8,5972.7,98118,564873.6,South,Low,28243
189,4,3.0,1415.0,6419.3,98115,922887.4,North,Middle,37940
190,4,4.5,1010.8,5144.4,98107,772363.8,North,Low,28320
191,3,3.0,1434.0,5214.3,98115,381124.2,North,Middle,13974
192,5,4.0,1267.0,2648.4,98117,782197.6,North,Middle,11298
193,4,3.0,975.9,4301.1,98116,722088.2,West,Middle,16848
194,4,3.0,1085.9,5774.1,98144,591602.6,South,Middle,24321
195,2,2.0,724.0,43560.0,98116,469621.4,West,Low,13045
196,5,4.5,1895.3,6784.0,98106,770649.4,West,Low,28257
197,6,7.5,2764.5,4864.2,98115,1664053.9,North,Low,16640
198,6,4.0,1116.9,4285.9,98117,876444.3,North,Low,28240
199,4,3.0,1751.0,2895.6,98199,974209.7,West,Low,9742
200,3,4.0,2152.5,5564.3,98126,520102.7,West,Middle,26005
201,4,5.0,1217.5,875.3,98107,726964.0,North,Middle,36348
202,5,3.0,1351.3,4920.6,98106,564856.6,West,Middle,15690
203,4,3.5,2309.2,4138.7,98117,1630034.8,North,Low,38034
204,5,3.5,1432.2,985.7,98122,836587.9,East,Low,23238
205,6,4.0,2426.3,6366.5,98106,853057.5,West,Middle,23696
206,5,3.5,1392.1,1029.2,98106,515072.4,West,Middle,23464
207,2,3.0,592.1,13068.0,98104,340368.1,Central/Downtown,High,13992
208,6,5.0,2085.6,4995.6,98126,796612.2,West,Middle,25668
209,3,3.0,875.0,5886.0,98133,571438.2,North,Middle,5714
210,7,3.5,2726.8,8712.0,98106,727221.2,West,Middle,10504
211,5,5.5,2707.3,3728.7,98112,856404.7,East,Low,23789
212,4,2.0,2516.9,8259.2,98125,763318.3,North,Middle,34773
213,4,4.5,1506.3,1532.8,98122,849330.8,East,Low,31142
214,3,4.0,1210.3,161172.0,98168,305367.4,South,Middle,5768
215,4,3.5,1126.5,1247.7,98144,714582.7,South,Middle,19849
216,7,3.5,2557.1,5841.8,98126,928399.9,West,Low,21662
217,5,2.5,3121.2,5038.5,98199,1599582.5,West,Middle,79979
218,6,5.0,2267.3,4235.4,98115,1383163.4,North,Low,50715
219,3,3.5,1848.5,13068.0,98116,905469.1,West,Middle,9054
220,4,4.5,1548.9,1150.7,98117,846695.2,North,Low,19756
221,3,3.0,1174.4,761.5,98107,725106.9,North,Middle,16919
222,5,4.0,1041.0,2110.2,98105,796491.9,East,Middle,32744
223,4,5.0,1126.8,6189.1,98117,803132.5,North,Middle,18739
224,3,2.0,819.3,4313.6,98122,689306.8,East,Middle,16083
225,6,4.0,1505.6,5314.8,98118,502288.7,South,Middle,20649
226,4,5.0,2352.0,4833.6,98136,1203783.7,West,High,17387
227,5,3.0,2992.3,3984.6,98112,2501203.9,East,Middle,125060
228,4,4.5,1361.6,2747.0,98119,1147275.8,Central/Downtown,High,16571
229,5,3.0,2834.2,8004.7,98115,1337852.5,North,High,19324
230,4,5.0,1082.2,607.3,98144,608304.1,South,Low,22304
231,2,2.0,480.7,3875.5,98168,358531.6,South,Middle,17926
232,5,4.0,1536.6,6068.8,98126,860359.4,West,Middle,8603
233,6,5.0,2279.4,7108.9,98133,862893.8,North,Middle,8628
234,3,3.0,2247.2,5462.5,98199,1398026.7,West,Low,38834
235,5,3.5,1369.2,4544.4,98136,727874.6,West,High,33158
236,5,3.0,2297.8,6931.6,98115,900941.3,North,Middle,13013
237,6,2.5,2023.0,5971.1,98125,642419.0,North,Middle,12134
238,6,4.0,2848.5,4182.5,98105,1031160.4,East,Middle,42392
239,4,3.5,1355.2,8616.1,98168,379117.7,South,High,18955
240,4,2.0,684.6,3888.4,98106,477123.2,West,Low,17494
241,5,3.5,1828.3,2685.4,98108,933246.8,South,Low,9332
242,5,5.5,1576.8,1274.3,98126,715194.5,West,Low,16687
243,3,3.0,935.0,13068.0,98106,378893.7,West,Middle,13892
244,4,3.0,1518.4,856.2,98109,1406013.2,East,Middle,26558
245,4,3.5,1711.7,1417.4,98103,1204328.1,North,Middle,44158
246,4,3.0,1032.6,1134.7,98122,635109.4,East,Low,31755
247,5,3.0,2142.3,8970.1,98177,931968.4,North,Middle,17603
248,4,3.0,1444.1,4445.8,98117,809788.4,North,Low,22494
249,6,5.0,3728.6,7287.1,98116,1425073.3,West,Middle,64920
250,5,5.5,2351.3,2180.3,98119,1732719.8,Central/Downtown,Low,32729
251,6,5.0,2605.4,6537.7,98125,1206116.7,North,Middle,49584
252,3,4.0,1083.2,554.7,98144,605844.2,South,Low,24906
253,5,3.0,1400.2,2210.7,98103,889013.8,North,Middle,16792
254,4,6.5,1220.7,1206.0,98144,617438.3,South,Middle,11662
255,3,3.0,2050.8,5156.7,98116,857712.5,West,High,16201
256,5,3.5,1516.5,6017.3,98115,839374.5,North,Low,27046
257,4,3.0,1742.5,2077.1,98122,1244713.8,East,Low,56703
258,5,4.0,1740.9,3748.3,98106,673462.8,West,Low,30679
259,4,3.5,1628.9,1398.0,98107,936471.0,North,Low,38499
260,5,3.5,3081.4,5248.0,98102,1682279.7,East,Middle,69160
261,5,4.5,3262.7,3708.8,98109,2644317.0,East,Middle,38195
262,3,3.0,587.8,4639.4,98133,230770.8,North,Low,7435
263,7,3.0,1660.9,4946.6,98118,614187.8,South,Low,27979
264,4,3.0,695.3,2767.8,98144,235263.2,South,Middle,7580
265,5,3.5,2486.3,4750.1,98117,1103796.6,North,Low,15943
266,5,3.0,2036.4,4710.0,98107,953172.7,North,Middle,26477
267,5,4.5,2827.8,4978.3,98199,1665930.1,West,Low,46275
268,4,3.0,1072.8,13068.0,98178,373677.4,South,Low,3736
269,5,5.0,3066.9,4656.0,98107,1099564.3,North,Low,45204
270,5,3.5,2068.3,4799.9,98117,1019517.6,North,Low,46444
271,4,2.0,831.5,8136.0,98112,561172.1,East,Middle,13094
272,5,4.0,1404.1,4798.3,98106,769221.1,West,Middle,35042
273,6,3.0,1567.9,7747.8,98146,826510.4,South,Middle,30305
274,4,4.0,1564.7,5259.8,98115,1115461.7,North,High,30985
275,6,4.5,1800.8,1448.1,98103,1385022.0,North,Low,50784
276,4,3.0,2011.3,3580.3,98117,944846.9,North,Low,38843
277,4,5.0,1356.6,6787.1,98144,924554.0,South,Middle,29791
278,3,2.0,997.6,6351.0,98125,504708.3,North,Low,25235
279,5,3.0,917.0,7352.3,98146,617208.3,South,Low,25374
280,3,4.0,1128.9,7502.7,98117,640719.7,North,Middle,9254
281,2,2.0,539.0,13068.0,98119,330396.6,Central/Downtown,High,13582
282,6,4.0,2584.0,5717.2,98119,1332770.4,Central/Downtown,Low,25174
283,4,3.0,1589.4,5069.8,98118,478379.3,South,Middle,6909
284,4,2.0,821.4,7131.5,98125,632346.9,North,Middle,6323
285,4,4.0,1105.1,1136.4,98122,636743.7,East,Middle,9197
286,5,4.5,2357.5,1728.0,98102,1219418.3,East,High,44712
287,6,4.0,2456.9,4867.9,98117,1286426.1,North,Middle,64321
288,6,3.0,2629.7,4521.9,98117,1366436.9,North,Middle,68321
289,3,3.0,919.1,8712.0,98103,153319.9,North,Middle,3577
290,3,2.5,1014.4,1372.2,98106,545740.4,West,Low,5457
291,8,5.5,3709.0,4785.2,98117,2871532.0,North,Middle,143576
292,4,3.0,1427.4,1031.3,98144,589264.7,South,Middle,16368
293,4,3.5,1101.5,8712.0,98168,566994.0,South,Middle,13229
294,4,5.5,1938.5,1447.6,98199,898504.9,West,Middle,8985
295,2,2.0,589.0,21780.0,98119,333661.9,Central/Downtown,Middle,6302
296,4,4.0,1274.0,21780.0,98116,759154.0,West,Middle,24461
297,4,3.5,1280.3,985.2,98133,536439.6,North,Middle,10132
298,5,4.5,2791.6,26136.0,98121,2399490.1,Central/Downtown,Middle,98645
299,4,3.0,2806.6,5512.9,98115,1331903.2,North,Middle,54756
300,6,5.5,2777.5,5593.3,98102,2171643.9,East,High,69975
301,5,4.0,1860.5,6665.1,98133,858699.5,North,Low,31485
302,4,3.5,1758.0,1338.9,98122,1126605.9,East,Low,11266
303,3,2.0,1240.3,7191.4,98125,460847.0,North,Middle,23042
304,4,3.0,2251.8,4814.3,98199,1042892.2,West,Low,28969
305,3,3.5,1556.7,4914.2,98106,649716.9,West,Middle,23822
306,4,3.0,951.5,4067.4,98105,687358.2,East,Middle,9928
307,5,4.0,1536.3,6597.1,98168,588706.0,South,Middle,11120
308,6,4.5,2306.1,3537.6,98146,691201.4,South,Middle,9984
309,5,2.0,1267.5,5820.1,98146,714181.3,South,Middle,26186
310,5,3.0,1848.1,4300.5,98117,973009.6,North,Middle,35677
311,4,4.0,1492.4,5908.7,98126,771810.6,West,Middle,21439
312,5,4.0,2216.6,5871.7,98115,894092.6,North,Middle,32783
313,5,4.0,1445.8,39204.0,98144,812683.8,South,Low,18962
314,3,3.5,1184.2,972.3,98117,690067.8,North,Middle,6900
315,6,4.5,2148.8,4847.6,98105,1849454.6,East,Low,59593
316,3,3.0,1041.5,594.1,98177,548562.7,North,Middle,24990
317,3,3.0,1031.2,1103.2,98106,510346.6,West,Middle,25517
318,4,3.0,1130.6,757.8,98112,790800.9,East,Middle,32510
319,6,4.5,1392.8,2280.3,98117,769797.5,North,Low,21383
320,2,2.0,670.1,8712.0,98122,553516.1,East,Middle,7995
321,6,5.0,1898.4,39204.0,98122,992435.4,East,Middle,36389
322,5,4.0,2135.4,6794.3,98115,1327922.3,North,Middle,54592
323,4,3.0,689.9,5100.2,98103,388288.9,North,High,7334
324,6,4.5,2114.0,3875.2,98118,941279.7,South,Middle,17779
325,4,3.0,1769.3,4125.4,98199,890159.0,West,Middle,36595
326,3,3.0,680.9,4997.3,98103,401154.0,North,Low,20057
327,4,4.0,1092.9,738.7,98116,664586.4,West,Low,18460
328,7,5.0,2816.3,3093.0,98117,1426272.5,North,Middle,58635
329,6,4.5,1958.3,5741.2,98136,872606.7,West,Middle,12604
330,5,3.5,2065.8,3497.0,98144,1216570.3,South,Low,12165
331,5,4.0,2116.3,6404.0,98126,1080970.6,West,High,30026
332,6,4.0,2907.0,7782.9,98178,738875.4,South,Middle,10672
333,5,3.5,2137.4,5645.6,98115,1174207.4,North,Middle,11742
334,5,4.0,1456.9,2718.6,98146,534969.0,South,Low,10104
335,5,3.5,2150.6,5813.0,98115,839768.3,North,Low,15862
336,2,3.0,540.5,47916.00000000001,98109,262805.7,East,Middle,2628
337,6,4.0,2233.2,5890.2,98122,747554.5,East,Middle,30732
338,6,5.0,3230.1,5482.8,98116,692006.0,West,Middle,25373
339,3,3.0,1695.1,4639.6,98118,528945.1,South,Middle,14692
340,4,4.0,1851.5,4929.5,98109,1167325.8,East,Middle,11673
341,5,4.0,2332.2,3572.0,98115,1668584.8,North,High,38933
342,5,6.0,3548.9,13068.0,98118,2428419.4,South,Middle,99835
343,5,4.5,1556.9,838.4,98107,1015088.8,North,Low,50754
344,3,5.5,972.0,34848.0,98178,387043.6,South,Middle,7310
345,4,4.0,2891.2,5622.0,98199,1333372.1,West,Middle,60742
346,5,3.0,2117.3,5916.8,98199,1285870.4,West,Middle,35718
347,4,3.0,590.7,3731.1,98103,664096.8,North,Middle,27301
348,5,4.5,1477.1,2110.1,98126,640220.4,West,Middle,17783
349,5,5.5,1787.3,1631.7,98144,1010150.4,South,Low,50507
350,5,3.0,2038.3,4956.3,98115,868597.3,North,Middle,24127
351,5,4.5,2961.4,13068.0,98117,1631927.4,North,Middle,52584
352,4,4.0,1694.6,3868.6,98105,1263698.9,East,Low,12636
353,5,3.0,1735.6,3844.6,98112,1713887.3,East,Low,32373
354,10,7.0,3813.4,5159.6,98133,1008365.9,North,Middle,10083
355,6,2.5,1824.7,8712.0,98125,815681.6,North,Low,33533
356,4,4.5,1462.2,1549.1,98107,859135.0,North,Low,35319
357,8,5.0,2824.0,3602.2,98199,993885.7,West,Middle,23190
358,6,3.0,1691.1,4706.7,98117,886568.8,North,Middle,24626
359,4,4.0,1757.0,361548.00000000006,98115,673081.8,North,Middle,21688
360,4,3.0,1043.3,39204.0,98117,843142.8,North,Middle,8431
361,5,5.5,3528.4,6790.5,98199,1471619.3,West,Middle,53959
362,5,4.5,2662.5,7258.0,98136,1226170.6,West,Middle,12261
363,3,4.0,1393.5,6925.2,98105,891739.9,East,Middle,12880
364,4,3.0,1224.6,750.4,98119,1017660.7,Central/Downtown,Middle,50883
365,5,4.5,2882.8,4375.0,98112,2169937.6,East,Low,31343
366,7,3.0,2039.4,3681.4,98117,841945.1,North,Middle,34613
367,4,4.0,1961.5,8100.0,98146,721746.8,South,Low,13632
368,4,2.5,1522.3,39204.0,98122,668833.0,East,Middle,27496
369,5,4.0,2246.9,3998.7,98122,1118847.7,East,Middle,45997
370,3,2.0,1298.2,5971.5,98125,648636.7,North,Low,12252
371,3,2.0,585.6,43560.0,98107,424401.6,North,Middle,15561
372,3,3.0,740.2,5760.7,98126,509337.7,West,Low,9620
373,4,3.5,1435.7,1221.2,98103,689910.0,North,Middle,31429
374,4,5.0,2615.6,7940.9,98105,1539326.6,East,Middle,63283
375,3,2.5,1014.5,1623.2,98103,769464.3,North,Low,28213
376,5,1.5,1751.2,3545.6,98103,862137.4,North,Middle,27779
377,4,4.5,1940.2,3930.1,98115,1409291.6,North,Middle,14092
378,4,2.0,1497.5,17424.0,98178,572277.5,South,Middle,20983
379,4,3.5,1272.5,1039.6,98103,793997.9,North,Middle,22055
380,4,3.0,2204.0,4039.0,98115,875798.1,North,Middle,16542
381,5,2.0,1208.1,6988.9,98177,723301.1,North,Low,20091
382,4,3.0,858.1,169884.0,98146,332772.2,South,High,15159
383,5,3.5,1154.1,6034.6,98103,563321.3,North,High,8136
384,4,2.0,1214.3,4302.5,98118,463701.1,South,Low,4637
385,3,3.0,975.6,6261.0,98133,609704.4,North,Middle,27775
386,4,2.0,1576.7,4506.8,98109,783187.2,East,Middle,14793
387,3,3.5,789.5,4518.1,98107,492416.3,North,Low,4924
388,5,3.0,990.3,3711.4,98117,1076692.3,North,Middle,29908
389,7,5.5,3015.1,5852.9,98112,2249528.9,East,High,22495
390,5,4.0,1078.0,4619.4,98168,516924.9,South,Middle,23548
391,5,4.5,1700.2,1821.3,98133,841784.9,North,Middle,12159
392,6,3.5,3363.4,6987.5,98144,2335182.3,South,Middle,116759
393,2,2.0,351.2,8712.0,98199,987116.9,West,Middle,36194
394,4,4.0,845.1,8712.0,98126,672857.3,West,Middle,12709
395,4,3.0,1290.7,2018.1,98103,838399.9,North,Low,30741
396,5,4.5,2470.9,6094.0,98116,1585913.7,West,Low,65198
397,6,4.0,1997.8,6446.7,98133,804066.5,North,Middle,22335
398,6,5.5,3144.7,5851.9,98199,2001436.2,West,Middle,82281
399,5,4.0,1906.9,4172.2,98136,696690.5,West,Low,28641
400,5,4.5,2063.3,994.4,98119,1420368.1,Central/Downtown,Middle,45767
401,4,4.0,928.3,550.4,98102,754952.2,East,Middle,10904
402,7,4.5,2395.9,5304.0,98108,858778.3,South,Middle,31488
403,4,3.5,1288.2,1324.1,98116,688184.2,West,Middle,28292
404,5,4.5,1654.1,6800.9,98125,852604.9,North,Middle,23683
405,3,3.0,661.9,8712.0,98109,416801.1,East,Middle,4168
406,6,4.0,2100.8,6815.2,98178,725869.7,South,Middle,26615
407,5,5.0,3013.9,9481.9,98144,1585977.4,South,Middle,15859
408,5,3.0,1795.7,3668.8,98136,784857.0,West,High,18313
409,6,5.5,2101.0,1732.6,98116,1411485.0,West,Middle,32934
410,5,4.5,2720.6,6849.6,98199,1535292.9,West,Middle,22176
411,6,3.0,2504.7,4581.2,98107,1180617.2,North,Middle,27547
412,4,3.0,968.0,13068.0,98125,807302.8,North,Middle,11661
413,5,3.5,1342.0,1711.1,98103,830880.1,North,Middle,37851
414,5,3.0,1305.0,6777.4,98118,449942.5,South,Middle,8498
415,4,4.0,2147.7,3613.1,98115,851447.1,North,Middle,16082
416,5,4.0,1576.6,986.2,98103,1140482.2,North,Middle,11404
417,6,4.0,1998.6,3112.8,98119,1219566.8,Central/Downtown,Middle,33876
418,3,2.5,1289.9,873.1,98115,645979.5,North,Low,26556
419,4,2.0,1380.9,6242.6,98117,850837.7,North,Middle,27415
420,6,5.5,3579.7,5676.0,98115,2582742.9,North,High,117658
421,5,2.5,1637.6,4630.5,98126,605385.8,West,High,14125
422,5,3.0,1039.1,2260.1,98108,628290.9,South,Middle,28622
423,3,2.0,751.1,4869.1,98103,668066.2,North,High,12619
424,6,5.0,2677.3,13068.0,98133,886297.6,North,High,44314
425,5,4.5,5566.3,7022.1,98112,3487928.4,East,Low,174396
426,4,3.0,1385.3,13068.0,98168,474275.7,South,Low,15282
427,5,3.5,1375.1,1767.5,98106,532129.7,West,Low,7686
428,5,4.5,1351.4,1052.9,98107,902676.0,North,Low,45133
429,6,5.0,2104.0,3822.6,98106,751865.6,West,Middle,10860
430,3,2.5,1288.4,4162.7,98115,607979.0,North,High,11484
431,4,6.0,1222.1,1260.2,98116,747299.7,West,Middle,17436
432,4,3.5,2125.2,4089.0,98116,899413.2,West,High,28981
433,5,3.5,2123.3,13068.0,98116,1336866.4,West,Low,13368
434,5,4.0,1361.4,693.2,98117,702401.1,North,Middle,7024
435,5,4.5,1772.1,1372.3,98107,902188.2,North,High,21051
436,4,3.0,1210.4,2533.7,98118,799587.3,South,Middle,15103
437,4,5.0,1347.3,8727.1,98117,696924.6,North,Middle,19359
438,4,5.0,2054.5,6638.2,98177,1174897.5,North,High,22192
439,5,4.5,1536.9,1426.6,98107,904345.5,North,Low,29140
440,5,4.0,2194.9,818.4,98109,1660440.7,East,Middle,60882
441,4,3.0,1137.1,4918.4,98107,720357.1,North,Middle,23211
442,4,3.0,1026.2,3128.1,98103,886857.7,North,Middle,28576
443,6,3.0,1898.4,17424.0,98118,1089294.4,South,Middle,15734
444,5,3.5,1568.3,8358.1,98146,619393.6,South,Middle,6193
445,5,3.5,2147.5,3265.1,98117,1060648.0,North,Low,53032
446,6,3.5,2697.2,5659.4,98178,576971.8,South,High,10898
447,5,4.0,1531.0,605.3,98118,765333.3,South,High,17857
448,5,3.5,1262.6,851.2,98112,783451.0,East,Middle,25244
449,6,5.5,4914.3,7433.3,98118,2459294.9,South,Middle,101104
450,5,4.5,1425.9,1217.9,98107,957958.5,North,Low,22352
451,5,4.0,1594.4,6713.4,98146,589780.0,South,Middle,29489
452,5,5.5,2364.2,3911.9,98144,1245212.7,South,Low,17986
453,5,4.0,1245.6,1453.8,98122,643821.1,East,Low,12161
454,5,4.0,2051.2,4602.7,98115,806538.2,North,Middle,25988
455,5,3.0,1333.6,983.6,98103,712921.1,North,Middle,22971
456,4,2.5,1694.2,1518.6,98144,667361.3,South,Middle,27435
457,5,5.5,2792.5,39204.0,98136,3683060.6,West,Low,184153
458,3,4.0,934.4,13068.0,98133,363316.7,North,Middle,10092
459,4,4.5,1324.5,1403.5,98106,587846.9,West,Low,16329
460,5,5.0,1456.4,2854.3,98105,1058909.3,East,Low,52945
461,5,3.5,2388.3,5902.8,98118,711541.6,South,Low,29252
462,4,4.5,1351.0,2761.7,98144,827089.3,South,Middle,34002
463,4,3.5,1277.3,2031.9,98126,616623.3,West,Middle,14387
464,3,4.0,1270.5,1083.5,98125,624266.9,North,Low,22889
465,3,2.0,709.2,8712.0,98122,486370.7,East,Middle,11348
466,4,4.0,1542.2,5551.4,98115,781310.5,North,Low,21703
467,4,2.0,1828.7,8475.6,98168,564526.9,South,Middle,13172
468,4,4.0,1366.6,1422.0,98116,695038.7,West,Middle,31662
469,2,3.0,640.0,13068.0,98119,421227.5,Central/Downtown,Low,7956
470,6,3.0,1873.1,4744.8,98115,800875.4,North,Middle,36484
471,5,4.0,1098.2,4044.8,98103,658171.8,North,Middle,9506
472,4,3.0,1399.4,1090.1,98144,621820.6,South,Middle,6218
473,4,2.0,1684.4,2360.4,98105,844277.6,East,Low,42213
474,6,5.0,4156.0,4699.1,98122,1051583.9,East,Middle,43231
475,8,6.0,2111.2,4717.8,98108,814616.0,South,Middle,19007
476,4,4.5,3037.8,13068.0,98105,2208115.8,East,Low,100591
477,3,3.0,2034.8,7948.9,98146,340988.3,South,Middle,17049
478,5,3.5,1451.9,3516.5,98108,673877.2,South,Middle,24708
479,5,4.5,1224.9,1789.4,98105,830039.3,East,Middle,34123
480,3,2.0,815.9,7336.6,98118,447264.9,South,Low,6460
481,4,4.0,1958.6,7666.6,98125,860125.2,North,Middle,39183
482,6,4.0,3279.0,7464.3,98105,2109808.2,East,Low,39851
483,4,3.0,1003.0,5714.0,98133,338306.3,North,Middle,6390
484,5,4.5,1854.8,1900.6,98103,677537.3,North,Middle,12797
485,5,4.0,2161.2,4976.0,98115,1381826.3,North,High,26101
486,5,5.0,2060.0,7295.2,98126,910631.3,West,Low,13153
487,4,4.0,1344.7,270072.0,98125,418736.1,North,Low,9770
488,5,4.5,1706.1,1624.3,98103,1225018.8,North,Middle,17694
489,3,5.5,1630.0,823.0,98107,1041456.9,North,Low,47444
490,5,4.5,2418.3,3988.7,98105,1976314.8,East,Middle,81248
491,4,4.0,1871.2,2783.7,98118,641003.5,South,Low,20654
492,5,3.5,1637.2,1359.3,98102,1559732.7,East,Middle,43325
493,7,4.0,2456.0,4666.2,98103,874720.6,North,Low,16522
494,5,4.0,1366.4,4574.8,98116,1097850.3,West,Middle,10978
495,4,3.0,897.7,4429.8,98136,471494.1,West,Middle,4714
496,6,3.0,2414.7,3888.1,98144,1032925.0,South,High,24101
497,7,6.0,2404.7,4864.9,98118,926064.5,South,Low,17492
498,3,3.0,1230.8,4910.3,98133,714461.1,North,Low,7144
499,5,5.5,3182.6,4259.4,98112,1861561.4,East,Middle,35162
500,4,3.5,1464.6,1339.5,98107,767557.7,North,Low,7675
501,5,3.0,1982.7,7355.4,98106,740508.3,West,High,17278
502,5,4.0,1352.1,4512.5,98107,912009.5,North,High,25333
503,4,3.5,1131.4,5087.0,98122,804210.4,East,Low,36636
504,4,3.5,815.6,4628.5,98107,557612.2,North,Middle,25402
505,6,4.0,2812.2,7234.2,98136,1120001.1,West,Low,51022
506,5,4.5,1929.4,13068.0,98178,829816.9,South,Middle,37802
507,4,4.0,2232.0,8251.3,98116,1080737.6,West,Low,39627
508,6,4.0,2473.3,2680.6,98122,957382.4,East,Low,43614
509,3,3.0,988.5,4254.5,98118,564441.4,South,Middle,5644
510,6,3.5,3809.7,7260.4,98199,1827541.6,West,Middle,50765
511,6,2.5,2987.1,4919.7,98112,1470122.1,East,Low,14701
512,6,4.5,2992.4,8664.3,98168,629726.9,South,Low,20291
513,4,3.5,1215.5,21780.0,98103,823222.4,North,Middle,41161
514,5,2.0,843.9,6994.7,98168,438380.0,South,Middle,12177
515,6,4.5,3965.5,3994.5,98109,2716911.7,East,Middle,51319
516,7,3.5,2735.1,3884.4,98118,719201.5,South,Low,32763
517,3,2.0,895.6,4661.6,98116,568187.8,West,Middle,15782
518,5,4.0,1555.1,1178.6,98122,945337.1,East,Low,34662
519,5,3.0,978.7,5398.1,98116,796739.0,West,Middle,18590
520,3,6.5,2395.7,21780.0,98102,5685189.8,East,Middle,208456
521,7,7.0,3585.8,7507.8,98115,1882318.2,North,Middle,94115
522,5,4.5,2318.0,3729.2,98199,1706906.5,West,Low,55000
523,6,5.5,2524.5,2920.5,98102,1708583.7,East,Low,55054
524,3,3.0,889.4,616.4,98103,703720.8,North,Low,32058
525,3,4.5,1994.1,1370.6,98103,1399293.3,North,Middle,51307
526,3,4.5,1297.0,169884.0,98118,479484.0,South,Middle,9056
527,4,3.0,1467.2,21780.0,98178,480822.0,South,Middle,19767
528,4,3.0,821.5,6039.8,98116,719331.4,West,Middle,7193
529,3,3.0,973.4,13068.0,98116,586551.4,West,Middle,11079
530,5,4.0,2625.3,3939.6,98103,1454005.2,North,Low,40389
531,6,4.0,2271.3,4992.2,98106,565026.7,West,Low,18206
532,5,3.5,1696.7,1324.8,98107,915212.3,North,Middle,25422
533,4,3.0,2392.7,4911.3,98122,684153.6,East,Middle,31166
534,5,5.5,1767.0,995.5,98122,1018426.7,East,Low,10184
535,3,2.0,609.3,4537.5,98107,405213.0,North,High,16658
536,4,3.5,1429.1,21780.0,98103,1206313.2,North,Middle,12063
537,4,3.0,1612.5,13068.0,98125,503507.4,North,Low,9510
538,7,5.0,2893.9,5042.3,98117,1210540.8,North,Low,33626
539,6,6.0,2987.1,4700.3,98108,1172667.0,South,Middle,22150
540,5,4.0,1309.0,8227.7,98106,517884.9,West,Middle,16687
541,3,2.5,857.0,43560.0,98133,500584.0,North,Middle,13905
542,4,4.0,2637.0,4655.0,98144,1181861.6,South,High,43334
543,4,3.0,691.6,6207.2,98117,510306.0,North,Middle,9639
544,5,3.5,1853.2,3213.5,98117,982782.2,North,Low,40403
545,4,4.5,1556.5,169884.0,98126,624275.9,West,Middle,9017
546,6,3.0,3079.7,5802.3,98199,1536190.6,West,Middle,69982
547,6,4.5,4320.6,6504.1,98105,3278412.7,East,Middle,149349
548,4,3.5,1496.8,6211.1,98126,659736.0,West,Middle,21258
549,5,2.0,1405.0,13068.0,98146,407127.2,South,Middle,11309
550,4,4.0,965.6,78408.0,98115,439385.7,North,Middle,21969
551,5,4.0,2263.1,4728.6,98108,745139.8,South,Low,20698
552,5,5.0,1789.4,2174.1,98107,958760.0,North,Middle,30893
553,4,4.0,1479.0,2766.2,98103,819599.8,North,Middle,11838
554,6,3.5,1747.8,4511.7,98118,706500.7,South,Middle,10205
555,4,4.5,1252.3,1147.9,98107,841898.8,North,Low,34611
556,4,3.0,1527.7,8132.6,98117,815104.4,North,Middle,19019
557,3,3.0,1134.7,17424.0,98112,591265.6,East,Middle,16424
558,4,4.5,1505.4,1559.2,98144,666783.5,South,Middle,12594
559,3,3.0,646.4,200375.99999999997,98133,295711.2,North,Low,4271
560,4,4.0,1334.2,6508.7,98116,859063.2,West,Middle,42953
561,4,4.0,2802.7,3515.9,98199,1257092.9,West,Middle,51680
562,2,3.0,670.9,39204.0,98144,497660.1,South,Middle,4976
563,4,5.0,2372.3,5469.2,98122,1440031.3,East,Middle,46401
564,5,2.0,1058.3,3644.4,98112,895657.4,East,Middle,24879
565,5,4.0,1560.0,2943.1,98117,1144312.7,North,Middle,47043
566,4,4.0,1808.1,1605.6,98122,862008.9,East,Middle,35438
567,4,4.0,1387.4,699.4,98122,844752.3,East,Middle,23465
568,15,7.0,3702.0,4551.4,98106,1217296.5,West,Middle,12172
569,4,3.5,2183.0,3701.7,98107,1065573.6,North,Middle,10655
570,6,4.0,2481.0,2893.8,98105,956180.5,East,Low,47809
571,6,5.0,3040.3,5487.5,98115,1215225.1,North,Middle,12152
572,4,3.5,1920.2,2320.5,98118,754740.5,South,Low,14256
573,4,2.0,831.6,4372.0,98117,780972.6,North,High,21693
574,5,2.0,1917.9,4519.9,98117,780679.9,North,Middle,7806
575,4,2.0,2402.5,4678.9,98122,756207.4,East,Middle,34449
576,4,4.0,1490.0,4965.8,98116,887855.7,West,Middle,20716
577,3,3.0,1040.7,4227.7,98199,1070552.5,West,Middle,29737
578,2,3.0,512.6,52272.0,98121,385763.1,Central/Downtown,Middle,19288
579,2,3.0,584.9,5749.1,98178,482915.0,South,Low,6975
580,4,5.0,1618.1,7660.6,98177,786286.1,North,Middle,21841
581,3,4.0,986.9,82764.0,98115,461926.8,North,Middle,12831
582,2,3.0,499.5,2383.6,98118,354046.6,South,Middle,12981
583,5,3.0,1307.1,5028.2,98106,634133.1,West,Middle,17614
584,4,4.5,1381.6,2604.7,98133,701044.0,North,Middle,16357
585,5,3.0,1685.3,3877.0,98103,855334.3,North,Low,27560
586,4,4.0,2857.9,13068.0,98118,1018091.5,South,Middle,10180
587,6,3.5,2045.7,3141.6,98105,917549.9,East,Middle,25487
588,4,4.5,1346.3,1393.6,98117,676214.4,North,Middle,6762
589,3,3.0,1306.9,4424.3,98117,901409.8,North,High,37057
590,4,4.0,816.4,1935.2,98102,1563442.8,East,Low,22583
591,3,4.0,1106.1,751.5,98109,755889.5,East,Low,7558
592,5,2.5,1162.8,13068.0,98178,534110.8,South,Low,12462
593,7,5.0,3268.7,6599.9,98117,1671863.4,North,Low,46440
594,4,3.0,1453.5,1100.7,98117,767214.9,North,Low,7672
595,6,4.0,2906.9,6851.2,98115,1097305.1,North,Middle,54865
596,6,3.0,2082.4,7785.2,98178,758766.5,South,Middle,17704
597,6,5.5,2562.0,4688.7,98118,1587581.5,South,Middle,58211
598,5,3.5,3526.0,6923.4,98118,1859059.4,South,High,26853
599,4,2.0,1993.3,6412.4,98199,919918.6,West,Middle,13287
600,5,2.0,1463.2,3266.2,98119,954263.6,Central/Downtown,Middle,47713
601,5,2.5,1962.8,3727.2,98105,807801.9,East,High,22438
602,5,4.5,1814.0,4938.2,98146,629668.4,South,Low,11893
603,5,4.0,1356.3,2966.3,98103,1172821.4,North,Low,43003
604,6,3.5,1184.6,3892.4,98122,937322.7,East,Middle,38534
605,5,4.0,998.1,5051.2,98106,554051.4,West,Middle,20315
606,3,3.0,757.2,5496.7,98106,446176.5,West,Middle,18342
607,6,4.0,2252.8,13068.0,98115,1078975.6,North,Low,39562
608,5,3.5,2052.5,3845.3,98103,1271322.9,North,Low,18363
609,4,2.5,1017.4,890.3,98103,597356.3,North,High,11283
610,4,4.5,1900.0,1648.7,98122,1165949.9,East,Middle,16841
611,4,3.5,1467.1,1144.8,98117,668732.7,North,Middle,9659
612,3,3.0,931.8,755.4,98118,577870.6,South,Middle,23756
613,5,4.0,1048.8,2447.3,98122,585223.5,East,Middle,18857
614,5,4.0,2010.6,5932.1,98103,1106688.9,North,Low,25822
615,4,4.5,1285.0,810.2,98102,1025063.7,East,Middle,28473
616,4,4.5,1228.4,1283.8,98117,789648.8,North,Low,7896
617,5,6.5,4413.8,4946.8,98144,1622313.6,South,Low,45064
618,5,3.0,1012.2,6399.5,98168,488969.4,South,Middle,15755
619,4,3.5,1821.0,1279.5,98103,1470741.7,North,Low,60463
620,4,3.0,1054.3,39204.0,98116,639136.3,West,Low,29116
621,5,3.5,1025.2,651.3,98144,665315.0,South,Middle,30308
622,4,2.5,1608.7,3671.6,98144,636327.8,South,Low,28988
623,3,4.0,953.0,6828.1,98125,771515.2,North,Low,18002
624,4,3.0,1415.2,905.8,98107,823613.9,North,Middle,30199
625,4,3.5,1405.4,6867.9,98146,664050.0,South,Low,33202
626,5,5.5,3087.7,5686.9,98136,1462609.6,West,Low,73130
627,5,4.0,1851.6,7404.4,98136,708535.2,West,Low,32277
628,4,4.5,1440.9,1031.5,98122,989740.4,East,Middle,14296
629,5,4.0,1128.9,788.8,98144,711640.6,South,Middle,13442
630,6,3.0,2405.8,3667.7,98122,685482.7,East,Middle,19041
631,4,5.5,2160.5,1474.9,98103,1104025.5,North,Middle,30667
632,3,3.0,228.1,10689624.0,98103,152769.1,North,Middle,6959
633,9,6.0,3005.6,8156.3,98146,926650.3,South,Low,25740
634,3,4.0,1122.6,546.8,98115,671221.2,North,Low,6712
635,3,2.0,782.1,8764.4,98126,370552.4,West,Middle,13586
636,5,4.5,1984.1,8816.6,98177,791353.7,North,Middle,39567
637,4,5.5,1887.5,5900.4,98125,564467.1,North,Middle,18188
638,5,4.0,2809.9,13068.0,98168,198335.8,South,Middle,7272
639,5,3.0,2260.3,5928.6,98118,1236795.2,South,Low,61839
640,3,4.5,1280.1,845.5,98105,683138.0,East,Middle,6831
641,5,4.0,1515.3,5449.3,98136,830390.1,West,Middle,37828
642,3,4.0,1086.7,1406.6,98177,658703.4,North,Middle,30007
643,3,3.0,588.9,104544.0,98115,267746.3,North,Middle,12197
644,3,3.0,1155.1,4633.9,98144,296404.8,South,Middle,4281
645,6,3.5,2627.2,4281.1,98105,1096889.4,East,Middle,40219
646,4,3.5,1004.0,694.1,98107,690896.5,North,Middle,13050
647,6,3.0,2053.6,4990.6,98106,680086.7,West,Middle,34004
648,6,5.0,1858.3,2206.1,98103,1046138.4,North,Middle,43007
649,5,4.0,1820.3,8358.7,98177,1326839.7,North,Low,66341
650,4,4.5,1491.9,977.9,98144,700864.5,South,High,35043
651,3,3.5,747.0,3702.7,98106,464394.4,West,Middle,17027
652,3,4.0,1205.2,721.1,98107,827801.2,North,Middle,37710
653,3,2.0,2256.6,8368.3,98168,516563.5,South,Middle,16644
654,4,2.5,1114.4,4953.7,98102,942743.8,East,Middle,34567
655,5,3.0,2119.2,7541.4,98168,589949.5,South,Middle,16387
656,3,4.0,1078.9,1139.2,98126,728342.0,West,Low,16994
657,5,5.0,1823.1,4876.4,98136,1198251.9,West,Low,17308
658,3,2.0,570.2,13068.0,98101,302705.8,Central/Downtown,Middle,12444
659,4,3.0,1148.6,830.7,98109,861816.1,East,Low,43090
660,4,3.0,1709.4,3115.7,98117,1058524.4,North,Low,29403
661,5,2.0,1158.6,6694.3,98106,451301.8,West,High,6518
662,7,6.5,5451.3,7746.3,98122,4819066.0,East,Middle,91026
663,4,4.5,1575.1,919.0,98117,862653.8,North,Middle,39298
664,3,3.0,922.8,620.2,98103,652172.0,North,Low,29710
665,4,2.0,767.4,5704.6,98178,522264.7,South,Low,12186
666,3,3.0,349.5,8712.0,98199,969297.0,West,Middle,22616
667,8,6.5,4343.7,13068.0,98178,2053303.7,South,Middle,38784
668,4,4.0,1220.1,3725.0,98199,1051544.9,West,Middle,52577
669,4,4.5,2078.1,1693.1,98115,1172279.7,North,Middle,11722
670,4,4.5,1524.8,1130.3,98107,1076516.7,North,Middle,34687
671,6,3.0,2675.0,91476.0,98168,640268.3,South,Middle,12093
672,6,5.5,3611.8,4838.8,98199,2702210.1,West,Middle,27022
673,4,2.0,1016.7,5372.1,98108,801913.9,South,Low,22275
674,4,3.5,1466.7,1388.2,98199,812339.6,West,Middle,29785
675,3,5.0,1192.4,30491.999999999996,98136,568453.0,West,Middle,10737
676,6,3.5,2366.1,3313.9,98115,1274252.7,North,Middle,63712
677,3,3.0,998.2,5682.6,98199,855046.7,West,Middle,31351
678,4,3.0,1251.7,5926.3,98126,797543.2,West,High,18609
679,5,4.5,2557.0,5916.7,98122,1575952.5,East,Low,22763
680,3,2.0,948.6,2452.6,98103,1057709.1,North,Middle,19978
681,4,5.5,1752.9,991.0,98122,1149232.3,East,Middle,21707
682,5,3.0,1727.8,7096.0,98168,488625.2,South,Middle,13572
683,7,5.0,3019.4,5575.4,98118,972211.8,South,Middle,27005
684,4,3.0,1216.8,13068.0,98168,402302.2,South,Middle,7599
685,6,4.5,1905.4,2297.6,98107,978376.9,North,Middle,18480
686,6,5.0,2116.7,5256.9,98118,844820.2,South,Middle,27221
687,4,4.0,1629.0,4936.6,98126,707358.5,West,Low,7073
688,5,4.0,1146.2,2612.8,98133,556231.5,North,Middle,25339
689,3,3.0,959.1,710.9,98118,583434.6,South,Middle,23985
690,5,4.5,1478.2,1184.8,98119,937081.4,Central/Downtown,High,30194
691,4,3.0,1051.4,5792.3,98118,591271.8,South,Middle,5912
692,5,4.5,1519.0,1545.1,98117,865495.3,North,Low,20194
693,5,4.0,1418.2,3740.9,98118,450526.5,South,Middle,20523
694,5,3.0,1558.7,2559.4,98107,898376.3,North,Middle,8983
695,5,4.0,2193.2,3601.9,98126,888860.5,West,Middle,20740
696,6,5.5,1876.0,2332.8,98136,1054986.1,West,Middle,33993
697,4,4.5,821.1,815.7,98144,607837.3,South,Middle,11481
698,3,3.0,421.5,5942.4,98102,310660.0,East,Middle,15533
699,5,3.5,2504.7,5444.5,98146,1130907.2,South,Middle,56545
700,4,3.5,1255.2,2409.9,98118,588670.6,South,Middle,24200
701,4,5.5,1695.2,1925.9,98122,809710.5,East,Middle,8097
702,5,4.5,1788.6,2817.0,98118,1044160.8,South,High,10441
703,6,2.0,1246.0,5661.9,98144,646308.9,South,Middle,6463
704,3,4.0,1033.3,1527.0,98103,628801.0,North,Low,17466
705,4,4.5,1341.5,1471.6,98115,571505.8,North,Low,26035
706,5,4.5,1264.7,982.5,98136,772707.3,West,Middle,14595
707,4,3.0,1913.0,3845.7,98108,801224.4,South,Low,18695
708,3,2.0,530.3,39204.0,98102,370135.9,East,Middle,18506
709,5,4.0,1712.4,5500.7,98126,777023.3,West,Low,31944
710,5,4.0,1416.3,4796.3,98116,744134.9,West,Middle,17363
711,4,3.5,1432.2,7719.4,98133,823884.3,North,Middle,37532
712,5,4.0,1639.7,7900.2,98146,566247.3,South,Middle,10695
713,6,3.5,2798.9,2959.1,98115,1523152.1,North,Low,49079
714,5,5.5,1440.7,1613.8,98136,802468.5,West,Low,29423
715,3,2.0,611.4,17424.0,98109,415384.5,East,Low,17076
716,6,4.0,1421.7,4177.1,98126,745488.9,West,Middle,20708
717,4,4.5,2490.6,2750.9,98122,1512549.4,East,High,68905
718,4,5.0,1049.3,17424.0,98144,511840.3,South,Middle,7393
719,4,4.0,1425.9,2336.5,98103,915423.8,North,Low,17291
720,4,9.0,2027.0,5283.1,98112,1756329.0,East,Middle,56592
721,3,3.0,1382.2,2891.2,98115,497657.8,North,Low,18247
722,4,5.5,1304.1,1621.8,98115,825894.8,North,Middle,19270
723,6,6.0,1938.6,4872.7,98115,1325186.6,North,Middle,25031
724,5,3.0,1400.5,43560.0,98117,927050.8,North,Middle,21631
725,6,5.0,3043.7,8195.5,98199,1761999.6,West,Middle,88099
726,4,4.0,862.6,13068.0,98126,390810.9,West,Middle,9118
727,5,3.0,1634.7,1218.7,98103,1096242.5,North,Middle,45067
728,5,3.5,1653.8,1063.9,98116,932739.0,West,High,21763
729,6,4.0,2884.3,3677.5,98102,1890288.2,East,High,77711
730,5,5.5,1437.5,1143.9,98103,676361.3,North,Middle,21793
731,4,3.0,1992.9,5430.0,98119,821462.0,Central/Downtown,Middle,19167
732,5,4.5,1990.1,4532.0,98112,1662489.7,East,Middle,31402
733,3,3.5,1055.4,39204.0,98144,660596.7,South,Low,30093
734,4,3.0,1772.9,8737.5,98112,2615541.9,East,Middle,95903
735,3,4.0,1093.5,5534.7,98116,562356.3,West,Middle,8122
736,5,4.0,2976.8,7208.6,98199,1908209.8,West,High,53005
737,5,3.0,2289.2,5139.1,98115,959531.7,North,Middle,26653
738,3,4.5,1425.6,13068.0,98178,1678129.0,South,High,76448
739,3,2.0,671.8,21780.0,98126,325968.0,West,Low,16298
740,3,4.0,1116.7,726.4,98118,551418.6,South,Middle,22669
741,10,7.0,3479.4,4275.8,98117,996241.1,North,Low,49812
742,8,7.5,4243.2,6354.6,98115,3230180.0,North,Middle,104083
743,5,4.5,1238.5,1151.4,98117,683108.1,North,Middle,12903
744,4,3.5,943.9,946.8,98115,706878.0,North,Low,19635
745,6,3.0,1400.9,8203.5,98125,641047.5,North,Middle,20655
746,2,3.0,1027.4,9204.8,98102,541706.4,East,Middle,19862
747,3,3.0,1492.8,3035.5,98103,701406.4,North,Middle,25718
748,5,3.5,2544.4,4529.8,98117,1244538.6,North,Middle,29039
749,4,3.5,1343.3,720.3,98103,874595.7,North,Middle,20407
750,6,4.0,1607.4,9007.3,98118,622446.2,South,Middle,8990
751,5,4.5,1492.4,1307.8,98103,1070595.0,North,Middle,48771
752,3,3.0,791.3,6391.8,98125,523042.1,North,Middle,23827
753,4,2.0,885.7,2824.7,98103,466556.3,North,Middle,8812
754,7,5.5,3430.3,7215.2,98122,1931432.4,East,High,62235
755,6,4.0,2297.1,4562.1,98199,1403836.0,West,Middle,32756
756,4,4.0,2225.7,8780.0,98125,626610.3,North,Middle,28545
757,3,4.0,1464.5,5935.6,98108,699226.7,South,Middle,34961
758,6,6.5,2312.2,8425.0,98146,1419839.0,South,Middle,39439
759,3,3.5,919.9,43560.0,98103,1198431.6,North,Low,33289
760,5,3.5,1548.8,4784.6,98103,1039970.9,North,Low,47376
761,5,2.5,2241.0,3769.5,98112,1329885.3,East,Middle,19209
762,2,3.0,577.9,17424.0,98105,394639.1,East,Middle,19731
763,5,4.0,1407.6,5545.6,98118,641925.6,South,Middle,17831
764,5,3.5,1113.3,1113.9,98118,558344.6,South,Middle,20472
765,4,4.0,2664.5,7841.7,98177,1265301.8,North,High,40770
766,5,4.0,2130.3,6328.8,98118,1195373.8,South,Middle,11953
767,3,3.0,1303.6,767.7,98199,834090.9,West,Low,15755
768,5,4.5,2455.0,7161.3,98136,1005095.9,West,Middle,36853
769,4,4.0,2481.6,13068.0,98121,810009.5,Central/Downtown,Middle,40500
770,3,3.0,1184.6,4558.5,98126,570395.8,West,High,15844
771,8,8.0,3181.9,2205.8,98103,1192907.5,North,Low,27834
772,6,3.0,1643.9,52272.0,98105,723859.6,East,Middle,29758
773,5,4.0,2172.1,5030.7,98105,1091733.0,East,Middle,54586
774,4,3.0,3628.5,4738.7,98122,481132.2,East,High,15503
775,5,4.5,1468.5,2908.8,98117,1059868.4,North,Middle,52993
776,6,4.5,3107.5,3550.2,98112,2301156.6,East,Middle,104830
777,3,2.0,2016.4,5937.4,98106,475753.3,West,Middle,8986
778,5,3.5,1502.4,2613.6,98106,650371.9,West,Middle,29628
779,3,3.0,589.7,17424.0,98144,464978.8,South,Low,12916
780,3,3.0,1085.1,13068.0,98109,1364124.1,East,Middle,25766
781,4,3.0,1134.9,7729.9,98199,500667.0,West,Middle,22808
782,4,4.5,1327.1,1480.4,98126,534886.8,West,Low,14857
783,5,3.0,1589.1,1098.3,98116,859294.5,West,Middle,20050
784,3,3.5,1540.5,4896.2,98118,758253.6,South,Middle,10952
785,5,5.5,1982.9,4015.4,98103,1282459.7,North,Low,47023
786,4,3.5,1354.4,970.4,98144,646906.6,South,Middle,12219
787,3,4.0,799.9,108900.0,98115,379564.1,North,Middle,12230
788,7,6.0,2689.2,3755.5,98126,885424.0,West,Low,40335
789,5,3.0,2580.5,7539.9,98115,641327.1,North,Low,17814
790,5,3.0,1892.8,361548.00000000006,98115,646095.8,North,Middle,6460
791,5,5.0,2365.7,9832.8,98115,842826.3,North,Middle,12174
792,6,4.5,2694.4,39204.0,98126,1234217.8,West,Low,56225
793,4,4.5,1631.2,2337.9,98117,1112357.1,North,Middle,40786
794,4,3.5,1460.8,6614.7,98116,1241742.6,West,Middle,23455
795,4,2.0,808.1,6441.6,98177,616659.0,North,Low,22610
796,7,5.5,4829.1,13068.0,98102,4017968.3,East,Low,200898
797,5,5.5,1317.3,1108.2,98108,649939.5,South,Middle,29608
798,4,3.0,971.1,637.8,98103,745264.6,North,High,10764
799,4,5.0,1553.9,39204.0,98115,937944.4,North,High,38559
800,4,3.5,1376.9,8627.5,98168,428857.0,South,High,10006
801,3,4.0,1852.9,6810.5,98168,560357.3,South,Middle,25527
802,5,4.5,2454.3,7213.6,98115,1277659.5,North,Low,58204
803,3,2.0,684.6,17424.0,98116,511952.7,West,Low,7394
804,4,4.0,2471.1,4078.7,98144,1441991.4,South,High,65690
805,4,3.0,1724.1,6022.2,98115,955333.4,North,Middle,35028
806,3,3.5,1489.6,5567.2,98115,1193079.4,North,Middle,27838
807,2,2.0,1175.8,5503.1,98108,867549.7,South,Low,27954
808,6,4.5,2271.7,8968.8,98108,927048.4,South,Low,29871
809,5,3.0,842.3,13068.0,98106,602794.2,West,Middle,19423
810,4,2.0,1817.6,4789.5,98133,712642.2,North,High,26130
811,5,3.0,2287.5,3136.7,98119,1118344.8,Central/Downtown,Low,11183
812,5,5.5,2569.3,2849.6,98103,1689020.8,North,Middle,84451
813,5,3.5,1607.8,1262.5,98144,831534.9,South,Middle,23098
814,5,2.0,1021.6,6618.6,98133,619294.3,North,Low,25459
815,5,5.5,1550.8,922.8,98109,1024579.1,East,Middle,42121
816,6,4.0,2513.5,6544.9,98125,782915.9,North,High,25227
817,3,3.5,817.7,823.3,98118,563037.7,South,Middle,18142
818,6,4.5,2662.5,3219.0,98115,2253878.9,North,Middle,92659
819,3,2.0,1374.1,4834.3,98118,531646.3,South,Low,21856
820,3,2.0,697.1,4601.5,98106,520270.6,West,Low,21388
821,5,3.0,1744.2,6340.9,98199,1195938.7,West,Middle,59796
822,5,4.0,2638.7,4931.7,98119,1187695.8,Central/Downtown,Middle,38270
823,4,3.0,1174.3,2465.7,98144,893843.0,South,Middle,32774
824,3,4.0,788.6,5529.7,98115,842150.6,North,Middle,8421
825,4,2.5,844.8,844.7,98105,559171.6,East,Middle,10562
826,8,7.0,2475.9,3753.1,98122,828520.4,East,High,19332
827,3,2.5,1196.3,5835.4,98116,778363.6,West,Middle,31999
828,3,3.0,1124.9,4529.7,98106,475678.2,West,Middle,6870
829,5,2.0,1318.0,3707.4,98117,839113.7,North,Middle,34496
830,5,3.0,1318.2,1336.7,98117,751755.7,North,Middle,34246
831,3,4.0,2751.8,126324.0,98105,1615608.9,East,Middle,44878
832,4,4.0,1203.5,5409.5,98106,591754.6,West,Middle,16437
833,4,3.0,2287.4,8712.0,98133,1038173.4,North,Middle,42680
834,4,3.0,1650.3,4555.4,98199,1072091.0,West,High,10720
835,4,3.0,817.2,1420.4,98116,597192.0,West,Low,5971
836,5,3.5,1845.1,5681.5,98125,704886.4,North,Middle,19580
837,3,3.0,832.0,5652.4,98103,496037.0,North,Middle,22597
838,3,3.0,817.8,3922.0,98144,729021.3,South,Middle,7290
839,5,3.5,1995.9,2933.9,98109,1152413.8,East,Middle,26889
840,4,2.0,1013.9,5060.2,98125,781441.6,North,Middle,11287
841,5,5.5,3749.6,3779.6,98102,2830790.5,East,High,91214
842,4,2.5,1585.5,1200.4,98122,957566.0,East,Middle,39366
843,7,4.0,2037.2,1838.0,98126,739026.5,West,Middle,36951
844,5,5.0,2246.7,4895.7,98115,1285309.4,North,Middle,35703
845,5,5.0,2092.0,6304.3,98106,1044695.6,West,Middle,19733
846,6,4.0,2262.0,6540.6,98115,1085758.5,North,Middle,44636
847,6,5.5,3227.8,13068.0,98115,1356688.4,North,High,49745
848,5,4.5,2308.6,3859.2,98117,1281562.3,North,Low,64078
849,3,3.5,1405.1,7252.1,98115,805778.6,North,Middle,36707
850,5,3.5,1598.2,2049.0,98102,1336539.4,East,Low,49006
851,4,3.0,1152.6,965.6,98125,615591.6,North,Low,8891
852,5,3.0,2306.8,1964.4,98122,1046053.8,East,Middle,15109
853,4,4.5,1311.1,2685.6,98108,723558.8,South,Low,7235
854,5,3.0,1290.7,756.8,98122,689309.5,East,Middle,34465
855,5,3.0,1073.2,708.3,98112,783537.4,East,Middle,28729
856,5,3.5,1889.9,5799.6,98133,799153.9,North,Middle,18646
857,5,3.5,1183.0,2131.8,98144,601561.3,South,Middle,14036
858,5,4.0,3755.4,7473.3,98112,2889334.6,East,Middle,105942
859,3,3.0,1115.4,543.5,98144,588731.6,South,Middle,21586
860,5,4.5,1547.5,642.8,98144,649861.2,South,Middle,6498
861,3,2.5,1202.8,1590.3,98144,736177.7,South,High,33536
862,4,3.0,893.9,3098.0,98112,721747.6,East,Middle,10425
863,3,3.5,1229.1,3726.9,98118,685464.2,South,High,19040
864,6,4.0,2469.8,5971.1,98136,1098891.2,West,Middle,40292
865,5,4.0,2511.2,6074.0,98115,1892553.1,North,Middle,77804
866,6,4.0,1586.3,4212.3,98136,688782.6,West,Middle,13010
867,5,4.0,1873.5,5115.5,98115,853821.5,North,Low,23717
868,3,3.0,1382.9,788.4,98125,623397.4,North,Middle,28399
869,6,5.0,2307.4,8577.7,98146,478893.8,South,Low,4788
870,4,3.0,1128.1,43560.0,98117,347983.7,North,Middle,15852
871,5,5.0,1993.2,5794.4,98125,951786.3,North,Middle,17978
872,4,3.0,1287.5,17424.0,98104,866137.3,Central/Downtown,Low,8661
873,8,9.0,4270.2,13068.0,98105,1828470.8,East,Middle,75170
874,4,2.5,881.9,1588.4,98144,576305.9,South,Middle,18569
875,5,4.5,1671.6,1708.0,98126,629814.4,West,Middle,6298
876,5,4.5,1389.9,1041.8,98103,808838.5,North,Low,8088
877,4,4.5,1377.0,1180.3,98118,543408.7,South,Low,24755
878,5,3.5,1342.3,1057.9,98107,705585.5,North,Low,7055
879,5,5.5,3691.1,4641.4,98116,2072482.6,West,Low,48357
880,5,2.0,1489.2,13068.0,98115,637206.3,North,Middle,17700
881,6,5.0,1859.7,3804.9,98122,990065.8,East,Middle,27501
882,2,2.0,621.9,6657.5,98102,371743.2,East,High,16934
883,4,3.0,924.1,528.8,98115,535603.5,North,Low,17258
884,4,2.5,1086.0,1182.7,98125,540871.2,North,Low,24639
885,3,3.5,1423.9,826.8,98103,639886.8,North,Middle,9242
886,5,4.5,1855.4,2766.4,98103,1478427.2,North,Middle,47638
887,6,5.0,2204.7,6822.8,98178,723349.9,South,Middle,16878
888,6,3.5,2292.3,4676.3,98118,809962.0,South,Low,15299
889,7,4.5,2320.6,5366.0,98133,1077245.6,North,High,20347
890,6,4.5,3023.9,3900.1,98115,1893722.0,North,Middle,61019
891,5,4.5,1485.6,1381.6,98126,842230.5,West,Middle,30881
892,3,2.0,1106.7,5828.3,98136,820093.2,West,High,41004
893,4,3.0,1157.8,4568.9,98106,682004.7,West,Middle,6820
894,5,4.5,1596.2,1123.4,98136,839001.3,West,Middle,8390
895,3,4.0,2643.2,4832.3,98144,688024.2,South,High,9938
896,6,4.0,1240.6,2700.1,98103,869514.8,North,Low,24153
897,5,4.0,2573.5,6739.1,98115,1685384.8,North,Middle,69288
898,5,4.0,2126.1,2560.8,98115,702269.8,North,Middle,28871
899,4,3.5,895.8,1694.8,98107,658312.3,North,Middle,24138
900,6,3.5,1455.5,2894.2,98146,629019.2,South,Middle,11881
901,4,2.0,792.6,5589.5,98103,857997.1,North,High,39086
902,5,3.0,1569.7,820.1,98117,880826.4,North,Low,36211
903,5,4.0,1393.8,481.3,98122,832704.2,East,Low,23130
904,6,4.0,1775.1,7152.3,98125,1904402.5,North,Middle,69828
905,5,3.0,2563.9,5126.1,98115,1313994.8,North,Low,30659
906,5,3.0,2104.9,5774.3,98136,766305.1,West,Middle,17880
907,4,4.5,1569.4,1024.2,98144,750146.6,South,Low,20837
908,6,6.0,2379.2,3918.5,98105,1433032.8,East,Middle,46175
909,5,2.5,2254.0,13068.0,98115,1092177.4,North,Low,25484
910,4,3.5,2525.7,1660.9,98109,1604932.7,East,Middle,80246
911,3,2.5,1468.5,4521.6,98106,738710.8,West,Middle,23802
912,5,2.0,925.6,7117.7,98106,544195.7,West,Middle,24791
913,4,2.5,1590.4,13068.0,98168,415151.1,South,Low,7841
914,3,4.0,1444.4,6894.5,98125,698982.5,North,Middle,22522
915,6,3.5,3388.7,13068.0,98146,849192.5,South,Low,23588
916,5,4.5,1493.9,1249.4,98103,816258.0,North,Middle,8162
917,4,3.0,1090.8,17424.0,98119,422749.4,Central/Downtown,Middle,11743
918,5,3.5,2390.4,13068.0,98118,1078945.7,South,Middle,25175
919,5,3.5,1535.2,1347.4,98103,984982.1,North,Middle,27360
920,4,4.0,1443.3,26136.0,98105,470760.1,East,Middle,23538
921,3,4.5,749.1,1250.3,98126,480234.1,West,Middle,4802
922,5,4.5,1472.8,1423.7,98119,822258.2,Central/Downtown,Middle,19186
923,5,4.0,1378.3,656.5,98117,719708.1,North,Low,7197
924,3,3.5,1058.7,2005.0,98115,799255.3,North,Middle,18649
925,4,3.5,954.0,918.8,98117,677277.0,North,Middle,15803
926,4,4.0,1393.4,3896.8,98119,1163300.0,Central/Downtown,High,47824
927,2,3.0,566.6,1418.1,98106,413133.6,West,Middle,5967
928,5,3.0,2013.9,3993.6,98112,1159273.3,East,Middle,37354
929,5,3.0,1614.9,4916.4,98144,932855.5,South,Middle,46642
930,4,4.5,3460.2,4901.3,98116,1558965.6,West,Middle,36375
931,4,3.5,1349.0,3607.5,98103,934520.0,North,Low,13498
932,5,3.5,1734.1,2959.5,98178,637471.8,South,High,23373
933,6,4.0,2732.5,5753.8,98126,847715.3,West,Middle,27315
934,5,4.5,2559.7,3516.9,98122,2119284.4,East,Low,40030
935,4,4.0,984.4,8758.1,98106,517606.8,West,Middle,16678
936,4,2.0,2127.2,8712.0,98125,660889.5,North,Low,18358
937,4,4.0,1316.2,3085.3,98125,678663.5,North,Middle,9802
938,4,3.5,2424.9,3774.3,98105,917958.2,East,Middle,45897
939,5,5.5,3631.2,3888.1,98116,2678677.9,West,Middle,98218
940,6,3.0,2442.0,7274.2,98115,1477956.0,North,High,34485
941,3,3.0,516.1,13068.0,98104,323466.0,Central/Downtown,Middle,7547
942,3,2.0,787.7,4388.1,98108,548761.1,South,Middle,5487
943,5,3.5,1583.8,6526.4,98125,734610.9,North,Middle,26935
944,4,5.5,1734.3,1475.7,98103,701481.5,North,Low,13250
945,4,4.5,1293.5,632.4,98119,817388.9,Central/Downtown,Low,22705
946,5,3.0,2646.9,4627.2,98144,1193058.7,South,High,38443
947,5,4.0,1719.3,2162.4,98107,924852.2,North,Middle,29800
948,2,3.0,615.0,26136.0,98115,255304.1,North,Middle,12765
949,3,2.0,799.9,5014.6,98118,478172.3,South,Middle,11157
950,5,3.5,1333.4,1234.5,98103,669941.2,North,Middle,33497
951,6,5.5,2433.6,3611.9,98117,1795465.3,North,Low,89773
952,5,4.5,2710.2,3137.5,98102,1584975.2,East,Low,79248
953,4,4.5,1332.8,1093.8,98133,601682.2,North,Middle,11365
954,4,2.5,1856.2,4352.4,98112,1380401.6,East,Low,44479
955,4,4.5,3095.0,7227.0,98177,1558572.8,North,Middle,57147
956,4,5.0,1483.2,5421.3,98136,1012567.7,West,High,41627
957,5,4.0,2131.5,7472.8,98122,1454427.3,East,Low,40400
958,4,3.0,1106.3,8696.9,98168,490171.8,South,Middle,7080
959,3,4.0,1117.5,885.1,98115,659258.5,North,Low,18312
960,5,3.0,1271.8,7944.1,98125,738693.3,North,Middle,30368
961,4,3.0,1159.3,5605.5,98103,962771.7,North,Low,43859
962,4,3.0,1562.5,2943.1,98103,811521.5,North,Middle,26149
963,5,3.0,2810.2,5220.7,98199,1474666.5,West,Middle,60625
964,6,3.0,1997.0,3319.9,98116,1145321.6,West,Middle,16543
965,5,4.0,1546.7,7317.3,98177,858825.7,North,Middle,8588
966,5,5.5,3254.9,4248.6,98112,2668214.2,East,Middle,121551
967,5,5.5,1677.1,1521.6,98103,1037974.2,North,Low,24219
968,5,2.0,1963.1,3457.0,98117,818345.8,North,Middle,22731
969,3,4.0,1303.5,78408.0,98121,1262330.1,Central/Downtown,Low,63116
970,4,4.5,1701.6,2701.5,98125,738991.3,North,Middle,17243
971,5,5.5,4046.3,5185.8,98112,3447557.1,East,Low,126410
972,11,11.0,3663.1,4600.2,98119,1103761.2,Central/Downtown,Middle,15943
973,5,4.0,1349.5,773.0,98107,850542.0,North,Middle,19845
974,6,2.0,1278.6,3556.2,98117,820815.5,North,Middle,33744
975,6,2.0,2327.5,4012.8,98136,494753.1,West,Middle,4947
976,4,6.5,2000.7,3248.8,98109,1712188.5,East,Middle,55170
977,5,4.0,2020.9,5405.3,98178,711150.4,South,Middle,35557
978,4,2.0,1351.8,5767.5,98118,765808.0,South,High,11061
979,3,3.0,529.6,26136.0,98121,325544.4,Central/Downtown,Middle,13383
980,5,3.5,2108.9,9308.5,98106,850875.2,West,Low,8508
981,7,6.5,4787.4,6456.7,98122,3231865.8,East,Middle,161593
982,3,3.5,1009.3,4663.9,98118,490181.3,South,Middle,15794
983,3,3.5,921.0,2335.7,98122,745672.4,East,Middle,24027
984,5,3.0,1737.3,3341.0,98105,1121028.5,East,Low,21174
985,3,3.0,662.1,3798.1,98117,532246.7,North,Middle,5322
986,5,4.0,2059.8,3416.9,98107,1276985.7,North,Middle,52498
987,6,4.5,2995.1,4179.1,98107,1971963.6,North,Low,46012
988,4,3.5,1730.6,8712.0,98199,955856.7,West,Middle,9558
989,4,4.0,1613.0,3138.8,98118,935929.1,South,Low,9359
990,5,3.0,2121.2,5732.1,98126,737575.2,West,High,27044
991,6,3.0,1548.9,2244.5,98103,1110358.2,North,Middle,16038
992,3,4.0,1724.2,2132.6,98133,705559.6,North,Low,16463
993,6,4.5,2056.7,2267.0,98146,693973.9,South,Middle,34698
994,5,5.5,1898.2,1674.4,98107,1117183.2,North,Middle,31032
995,3,4.5,1081.7,5253.6,98107,740529.2,North,Low,7405
996,5,2.0,1350.5,5491.6,98115,856565.8,North,Middle,42828
997,7,8.0,3900.1,3536.7,98119,2090412.3,Central/Downtown,High,95229
998,4,3.5,1632.7,2517.8,98122,793960.0,East,Middle,18525
999,5,3.5,1235.4,1153.9,98107,677779.6,North,Low,6777
1000,5,4.0,2753.6,5095.5,98103,1567299.4,North,Middle,71399
1001,5,4.5,1658.9,1220.8,98117,875412.7,North,Middle,43770
1002,4,3.0,1265.2,5744.7,98119,904590.7,Central/Downtown,Middle,29147
1003,5,4.5,1677.5,1407.3,98199,988007.1,West,Low,49400
1004,3,2.0,748.6,515.7,98103,652202.3,North,High,32610
1005,3,3.0,815.2,161172.0,98146,302997.9,South,Middle,13803
1006,5,3.0,2110.6,8470.6,98133,914334.7,North,High,33525
1007,5,7.0,2831.5,7835.1,98125,1433183.3,North,High,20701
1008,4,3.0,854.7,7855.5,98122,583710.6,East,Middle,16214
1009,4,4.0,2530.4,3382.0,98122,683006.5,East,Low,25043
1010,3,3.0,1066.2,4141.8,98106,412481.6,West,High,16957
1011,3,3.0,508.3,3946535.9999999995,98103,555050.8,North,Low,17884
1012,6,3.0,1678.0,7805.3,98125,838644.0,North,Low,38204
1013,5,5.0,1485.2,497.7,98122,847145.8,East,Middle,42357
1014,5,4.0,1363.8,1231.0,98103,1101991.1,North,Middle,35508
1015,3,3.0,759.5,30491.999999999996,98136,456464.7,West,Low,16737
1016,7,4.0,2885.3,6721.2,98118,814967.2,South,Low,22637
1017,6,3.0,2314.4,3698.3,98107,1179084.9,North,Middle,27511
1018,6,5.5,2074.9,4455.8,98103,1454267.1,North,High,40396
1019,5,2.0,1433.5,6797.5,98115,1079750.0,North,Low,29993
1020,3,2.0,918.8,13068.0,98168,444672.2,South,Middle,14328
1021,3,2.5,1530.8,7043.0,98112,1406968.3,East,Middle,39082
1022,2,3.0,656.9,463.8,98144,584139.1,South,Low,16226
1023,3,3.5,1320.1,87120.0,98102,2035067.1,East,Middle,92708
1024,6,4.5,3921.0,3112.4,98116,2850047.5,West,Middle,129835
1025,4,3.0,898.7,13068.0,98199,429397.0,West,Middle,21469
1026,6,4.0,1789.3,5598.7,98136,923867.0,West,Middle,17450
1027,3,2.0,1201.0,7310.2,98133,596421.3,North,Middle,24519
1028,4,2.0,1013.9,78408.0,98115,285370.7,North,Middle,11731
1029,7,4.0,3174.2,7039.0,98115,650908.0,North,Low,12294
1030,6,4.0,1733.5,4615.1,98115,935560.2,North,Middle,38461
1031,4,3.0,848.5,3706.5,98178,473276.1,South,Middle,15250
1032,6,3.5,1424.7,2360.2,98144,1058771.8,South,Middle,10587
1033,6,4.0,2922.8,5460.0,98119,1366053.8,Central/Downtown,Middle,13660
1034,5,4.0,1360.0,5829.1,98115,876635.9,North,Low,20454
1035,5,4.0,1466.1,5364.3,98136,747163.6,West,Low,37358
1036,5,3.5,2066.1,5009.5,98117,880630.1,North,Low,40117
1037,5,6.5,3006.1,8871.2,98125,1350897.1,North,Middle,19512
1038,3,2.0,492.6,4785.5,98107,300086.8,North,Low,15004
1039,4,3.0,1495.0,1120.1,98117,890778.4,North,Low,40579
1040,4,5.0,3285.0,7663.2,98136,1082597.1,West,Middle,15637
1041,3,3.0,1701.8,370260.0,98115,632830.5,North,Middle,6328
1042,3,2.5,968.6,1036.5,98125,541288.9,North,High,5412
1043,3,3.0,1106.2,1269.0,98199,778601.6,West,Middle,11246
1044,5,5.5,1352.5,1371.6,98126,654953.9,West,Low,26925
1045,4,2.0,905.5,4087.6,98112,699239.1,East,Middle,34961
1046,3,4.5,1050.3,1232.5,98115,783865.5,North,Middle,11322
1047,6,5.5,2870.6,4789.9,98144,1819202.2,South,Middle,66704
1048,2,2.0,471.8,543.4,98109,258142.4,East,Low,12907
1049,4,4.0,1768.9,3189.3,98105,1052247.6,East,Low,38582
1050,3,2.0,713.0,6189.2,98126,484655.8,West,Middle,15616
1051,5,3.0,1411.0,8260.9,98133,784507.3,North,Middle,35738
1052,4,3.0,1206.2,5960.5,98117,740001.4,North,Middle,20555
1053,4,5.0,1573.7,6546.6,98136,1238561.9,West,Middle,28899
1054,6,5.5,2871.2,4900.3,98105,1668705.5,East,Middle,83435
1055,4,4.5,3950.1,9242.7,98116,2587104.6,West,High,48867
1056,5,5.5,3238.0,3915.1,98144,1885198.7,South,Middle,60745
1057,4,5.0,2517.0,2327.5,98112,1248989.7,East,Middle,62449
1058,5,4.0,1900.5,3698.1,98117,901922.3,North,Middle,9019
1059,4,3.0,853.2,4843.8,98126,522794.9,West,Low,21492
1060,5,3.5,1600.6,4683.7,98115,805877.5,North,Middle,40293
1061,6,4.0,2268.3,7866.1,98177,821319.4,North,Low,30115
1062,4,4.5,1248.5,900.4,98144,627583.7,South,Middle,25800
1063,6,4.0,1748.9,3933.0,98107,1223012.1,North,Low,39408
1064,4,4.5,2269.4,4333.3,98126,743851.4,West,Middle,27274
1065,5,6.0,2211.3,5623.6,98115,1123883.5,North,Middle,46204
1066,5,4.5,1550.6,2302.1,98105,688663.6,East,Low,19129
1067,5,3.5,2143.9,7560.8,98178,500737.2,South,Middle,13909
1068,2,2.0,874.2,5272.6,98104,848069.7,Central/Downtown,Middle,19788
1069,5,5.0,1847.2,2331.0,98107,1007420.7,North,High,27983
1070,6,7.0,1909.4,4974.9,98106,639599.0,West,Middle,20609
1071,6,3.0,1956.6,2145.3,98136,776872.4,West,Middle,25032
1072,4,5.0,1082.1,956.5,98116,662676.3,West,Low,21352
1073,6,4.5,2481.5,4108.9,98122,1310574.0,East,Low,36404
1074,5,4.0,1839.0,3913.4,98115,1019132.4,North,Middle,23779
1075,6,4.5,3141.5,8817.9,98136,1887755.4,West,Middle,18877
1076,5,3.0,2368.0,3394.0,98112,825852.4,East,Middle,26610
1077,4,4.0,1348.3,7345.6,98168,374780.5,South,Middle,5413
1078,4,4.0,1061.8,17424.0,98103,462671.7,North,Low,8739
1079,4,2.0,1410.9,7101.3,98133,645234.3,North,Middle,12187
1080,5,4.5,1924.0,2073.8,98117,1009780.9,North,Middle,41513
1081,3,5.0,1007.7,113256.0,98133,421126.8,North,Middle,7954
1082,6,4.5,3263.4,6667.9,98125,1526527.8,North,Middle,76326
1083,5,3.0,2904.1,4808.4,98199,1605655.8,West,Low,51737
1084,6,4.5,2322.6,8524.0,98146,522090.4,South,Middle,26104
1085,5,3.0,1741.6,4798.9,98126,613325.2,West,Middle,14310
1086,4,3.0,1381.8,13068.0,98104,680806.0,Central/Downtown,Low,9833
1087,5,2.0,3883.5,8712.0,98118,695801.9,South,Low,6958
1088,5,3.0,933.1,9562.6,98136,734607.7,West,Middle,23670
1089,6,3.0,2186.4,3247.7,98105,1249531.6,East,Middle,51369
1090,6,5.0,2697.0,7021.7,98117,1533695.5,North,Middle,76684
1091,4,2.0,1602.7,2807.1,98118,573197.6,South,Middle,26112
1092,5,3.0,1433.2,1114.2,98136,790424.0,West,Middle,21956
1093,4,3.5,1015.1,30491.999999999996,98133,428109.3,North,Low,17600
1094,6,4.0,1962.5,7466.8,98106,739977.5,West,Low,36998
1095,4,4.5,3064.6,2459.5,98112,2191753.0,East,Middle,21917
1096,4,4.0,1122.1,1165.9,98122,684517.6,East,High,6845
1097,4,4.0,1148.7,564.6,98117,700395.9,North,Middle,7003
1098,4,4.5,1439.1,1119.3,98122,964741.9,East,Low,13935
1099,8,6.0,2171.4,2628.3,98122,989892.5,East,Middle,49494
1100,6,5.0,2431.7,5876.4,98115,1275872.0,North,Middle,18429
1101,4,4.0,1796.6,1074.3,98102,1947653.8,East,Low,88726
1102,6,4.0,1390.0,3249.9,98122,1097502.8,East,Low,15852
1103,5,4.0,2217.3,4146.0,98144,518920.5,South,Low,12108
1104,3,3.0,1441.8,5738.5,98108,664588.7,South,Low,6645
1105,4,4.5,1234.0,955.4,98117,671469.9,North,Middle,9699
1106,5,3.0,1326.9,910.0,98107,673977.0,North,Middle,27707
1107,3,3.0,1122.0,1016.8,98103,823766.9,North,Low,37527
1108,5,4.5,911.7,551.9,98118,582709.0,South,Low,16186
1109,11,7.0,2740.0,7185.4,98178,769349.9,South,Middle,28209
1110,5,4.5,1359.9,1058.8,98118,536162.2,South,Middle,17276
1111,4,3.0,1205.4,851.8,98122,822552.2,East,Middle,11881
1112,5,4.0,2402.9,3885.1,98117,1041277.8,North,High,28924
1113,4,3.0,1231.8,798.0,98103,895808.8,North,Middle,12939
1114,2,3.0,569.5,13068.0,98109,364561.7,East,Middle,8506
1115,5,4.0,2427.7,7997.4,98115,961505.4,North,Low,39528
1116,6,2.0,1306.9,5043.6,98178,431786.8,South,Middle,21589
1117,6,5.0,1939.3,4882.5,98117,1290436.7,North,Middle,41580
1118,4,4.0,1376.1,4947.1,98126,1022363.9,West,Low,46574
1119,3,5.0,888.3,656.1,98107,646695.8,North,Low,6466
1120,5,4.5,1707.0,1719.6,98103,1250258.4,North,Low,56956
1121,5,3.0,1782.8,3642.1,98103,764470.0,North,Low,38223
1122,4,4.5,2977.3,7132.7,98177,1344579.6,North,Low,55277
1123,5,3.0,2352.7,3802.7,98115,978631.5,North,Low,18485
1124,6,6.0,2158.7,5232.3,98108,938874.7,South,Middle,9388
1125,5,3.5,1843.5,1173.8,98106,657411.8,West,Low,32870
1126,3,3.0,904.1,4525.9,98144,770985.8,South,Middle,35122
1127,4,2.0,674.3,6058.1,98105,24049537.7,East,High,774929
1128,5,4.0,1437.7,4307.2,98133,912641.3,North,High,25351
1129,4,3.0,1975.8,6194.3,98108,775239.1,South,Low,7752
1130,5,5.0,1374.5,1158.5,98177,759145.6,North,Middle,14339
1131,6,4.5,3578.4,47916.00000000001,98177,2083808.0,North,Low,30099
1132,5,4.0,1968.5,1818.7,98126,770982.7,West,Low,7709
1133,7,4.0,3460.3,6006.5,98115,2174775.6,North,Low,31413
1134,3,2.0,1070.3,733.0,98107,734658.2,North,Low,23672
1135,3,3.0,703.9,4926.0,98106,504135.4,West,Middle,5041
1136,5,4.0,1110.1,8642.5,98178,378844.2,South,High,10523
1137,6,5.0,2151.7,8008.0,98118,599623.3,South,Middle,16656
1138,6,3.0,1588.7,5798.0,98115,814149.3,North,Middle,33470
1139,7,4.0,2424.0,5033.7,98117,1117932.9,North,Middle,36022
1140,5,4.5,1355.6,1622.3,98103,686509.7,North,High,31274
1141,4,2.0,974.9,3625.4,98133,432888.1,North,Middle,12024
1142,3,2.0,1403.9,3865.6,98117,793814.0,North,Low,11466
1143,6,3.0,1908.2,5626.0,98108,544479.4,South,Middle,27223
1144,5,4.0,1664.1,4761.3,98136,955915.6,West,Middle,22304
1145,3,4.0,1598.4,5772.5,98108,689840.6,South,Low,34492
1146,5,5.5,2785.9,3560.1,98103,1728882.3,North,Low,78760
1147,4,2.0,2310.8,5673.5,98108,601602.0,South,Middle,16711
1148,6,7.0,3599.1,13068.0,98177,1115354.2,North,High,11153
1149,4,4.5,1035.2,803.9,98112,852795.3,East,Middle,38849
1150,4,3.5,1521.1,3722.5,98122,1059657.5,East,High,24725
1151,6,3.5,2051.9,3218.9,98107,977282.1,North,Middle,22803
1152,3,2.0,798.4,2956.1,98107,744003.0,North,Low,17360
1153,5,4.0,1200.2,2393.3,98103,855046.8,North,High,16150
1154,5,2.0,883.8,3990.1,98119,650035.8,Central/Downtown,Low,29612
1155,6,5.5,3561.5,13068.0,98118,1232782.6,South,Middle,28764
1156,4,4.0,983.3,139392.0,98112,641495.5,East,Low,29223
1157,6,3.0,1409.9,965.2,98109,1132636.4,East,Middle,56631
1158,5,4.0,2069.8,4669.0,98136,917351.8,West,Middle,37713
1159,6,4.0,2237.2,3928.4,98103,1586837.9,North,High,79341
1160,6,4.0,2183.9,3926.1,98117,940661.3,North,Middle,26129
1161,4,5.5,1633.3,939.2,98109,1395153.1,East,High,26352
1162,3,4.0,1103.0,561.6,98144,580138.5,South,Middle,29006
1163,5,4.0,1698.6,7924.0,98125,848937.6,North,Middle,8489
1164,3,2.0,351.4,8712.0,98199,918114.0,West,Middle,33664
1165,5,4.0,1845.7,4620.6,98107,885274.2,North,Low,36394
1166,6,3.5,3339.9,5412.7,98112,2062396.5,East,Middle,75621
1167,4,4.0,1314.4,7588.9,98125,755840.7,North,Middle,17636
1168,4,3.0,855.0,852.1,98116,592338.4,West,Middle,21719
1169,8,3.0,2043.6,4903.0,98118,686614.2,South,Low,22124
1170,6,3.0,3818.4,7734.7,98119,2181194.2,Central/Downtown,Middle,70282
1171,5,4.5,2106.7,2848.1,98117,1071785.0,North,Middle,34535
1172,4,2.0,799.1,1895.0,98117,432283.0,North,Low,8165
1173,5,3.5,2060.6,4937.8,98108,785543.7,South,Middle,11346
1174,4,2.0,1129.5,5451.0,98119,724235.2,Central/Downtown,Low,32992
1175,3,3.0,643.5,39204.0,98102,921517.3,East,High,33788
1176,5,4.5,1722.5,39204.0,98118,624730.8,South,Middle,14577
1177,6,4.5,2985.9,7630.4,98115,955642.9,North,Low,9556
1178,6,4.0,1597.6,7111.7,98178,471912.1,South,Middle,13108
1179,5,3.0,2407.9,3922.0,98105,1146739.1,East,Middle,57336
1180,6,4.0,2288.9,4580.1,98144,1221348.9,South,Middle,28498
1181,6,3.0,2724.6,5798.3,98122,1091677.2,East,Low,54583
1182,6,4.5,3033.5,2850.1,98102,1488760.8,East,Middle,28121
1183,6,6.0,3083.4,3123.5,98105,1949826.3,East,High,19498
1184,6,4.5,3116.2,8026.7,98126,1181781.6,West,Middle,43331
1185,3,4.0,1310.6,717.5,98122,737441.6,East,Low,7374
1186,5,4.0,1537.0,7152.3,98117,1161058.0,North,Middle,47732
1187,4,3.5,1723.7,5858.0,98118,484023.0,South,Low,19898
1188,2,3.0,537.7,4246.3,98102,374482.9,East,Low,17059
1189,4,3.0,1244.4,8712.0,98146,581137.2,South,Low,18725
1190,5,2.0,809.7,5317.1,98125,654050.7,North,Low,23981
1191,4,5.5,1709.2,1218.0,98117,960209.4,North,Middle,43742
1192,6,4.0,2071.6,6682.6,98125,802745.6,North,Low,8027
1193,3,3.0,1322.5,992.6,98122,930312.0,East,Middle,25842
1194,4,3.5,1325.8,684.2,98107,715488.8,North,Middle,16694
1195,4,2.5,785.0,927.4,98115,688915.1,North,Low,25260
1196,6,6.5,2769.3,2999.0,98112,489814.4,East,Low,17959
1197,5,3.0,2072.1,3630.3,98107,844707.1,North,Low,8447
1198,3,3.0,797.8,1004.0,98116,623087.3,West,Low,28385
1199,3,2.0,1030.0,26136.0,98121,711155.7,Central/Downtown,Low,26075
1200,6,3.0,1662.5,7192.5,98117,1059735.8,North,Middle,34147
1201,4,3.0,1314.0,7902.9,98116,883523.1,West,Middle,40249
1202,4,4.5,2435.3,7727.4,98136,1341304.4,West,High,61103
1203,6,4.0,2445.9,7563.8,98168,765734.5,South,Middle,7657
1204,4,3.5,1003.1,1190.5,98102,737318.1,East,Middle,36865
1205,5,5.0,2553.8,3563.4,98115,1079573.6,North,High,53978
1206,6,5.5,2818.5,3652.1,98144,1811520.9,South,High,42268
1207,4,4.0,1496.8,4589.9,98116,975208.1,West,Low,14086
1208,4,2.0,862.2,152460.0,98105,367025.9,East,Middle,6932
1209,4,4.0,1976.6,5436.3,98116,1297581.7,West,Low,24509
1210,5,4.0,1893.2,8694.0,98105,1228097.1,East,Middle,28655
1211,5,3.0,1397.8,6229.2,98126,767284.9,West,Middle,7672
1212,4,4.0,1437.3,2305.3,98117,1126521.3,North,Middle,16271
1213,3,3.0,737.9,4706.2,98107,458331.8,North,High,14768
1214,5,3.0,1917.6,3785.7,98105,904280.3,East,Middle,25118
1215,3,3.0,885.9,1948.5,98117,790807.2,North,Low,28996
1216,5,3.5,1570.1,7411.6,98106,858641.0,West,Low,20034
1217,4,5.5,1848.7,1107.6,98105,817506.1,East,Low,37241
1218,4,3.0,1550.1,6488.7,98116,846033.0,West,Low,42301
1219,6,3.0,1526.2,4490.2,98103,1214425.4,North,Middle,49926
1220,4,3.5,1559.4,4765.5,98115,1143602.6,North,Middle,57180
1221,2,4.0,1114.3,17424.0,98122,650103.1,East,Low,9390
1222,3,5.0,1238.2,1074.8,98106,477193.9,West,Middle,11134
1223,4,2.5,1947.2,4946.1,98118,824055.4,South,Middle,22890
1224,4,3.0,1027.8,8474.5,98125,683107.3,North,Middle,25047
1225,6,5.5,2994.0,4367.7,98103,739199.5,North,Middle,27103
1226,5,3.0,1077.4,8651.7,98168,507661.7,South,Middle,25383
1227,5,3.0,1653.2,4786.6,98118,620306.7,South,Low,14473
1228,4,4.0,1304.0,1129.1,98107,676771.2,North,Middle,21807
1229,5,4.5,2875.0,3490.3,98125,1342307.6,North,High,67115
1230,5,2.5,1588.3,6468.9,98133,692820.2,North,Middle,34641
1231,3,2.0,623.4,7950.1,98125,570399.7,North,Low,18379
1232,4,3.0,813.0,5814.9,98168,394389.8,South,Middle,17966
1233,7,4.5,3201.6,4121.8,98109,3023407.5,East,Middle,83983
1234,4,3.0,1193.4,2045.9,98103,680775.4,North,Middle,9833
1235,4,4.0,1020.8,4968.6,98122,609811.2,East,Low,30490
1236,4,4.5,1672.6,2469.1,98117,1109350.1,North,Middle,45606
1237,3,3.0,899.5,3092.2,98118,528024.9,South,Middle,9973
1238,5,4.5,1716.1,1523.9,98103,976910.3,North,Low,27136
1239,4,3.0,1085.0,1226.4,98122,685391.2,East,Middle,31223
1240,5,4.0,1860.0,13068.0,98109,999056.1,East,Low,18871
1241,5,4.0,1747.7,4910.1,98117,1100973.3,North,Middle,50155
1242,5,3.0,2183.5,4208.1,98119,1102172.0,Central/Downtown,Low,20818
1243,4,3.5,1297.0,1168.0,98117,796142.3,North,Middle,39807
1244,5,3.5,2227.3,5410.2,98199,1716807.9,West,Middle,70579
1245,5,4.0,2601.8,8914.3,98117,1275158.2,North,Middle,35421
1246,7,4.0,2573.2,5539.1,98119,925306.8,Central/Downtown,Middle,9253
1247,3,2.0,480.9,26136.0,98121,296166.6,Central/Downtown,Middle,4277
1248,2,2.0,760.7,8696.5,98106,487664.6,West,Middle,20048
1249,6,5.0,1924.1,4133.4,98136,846367.0,West,Middle,27271
1250,4,3.0,903.4,1229.6,98117,693484.3,North,Low,25427
1251,4,3.5,1703.2,9672.6,98168,480024.7,South,Low,13334
1252,5,4.5,1022.5,1079.2,98117,743447.7,North,Middle,33868
1253,5,4.5,1792.2,967.3,98103,973329.2,North,Low,31362
1254,5,2.5,1292.8,5695.4,98117,968477.1,North,High,26902
1255,4,3.0,1321.3,2836.3,98144,810032.7,South,Middle,18900
1256,5,3.0,1019.5,43560.0,98117,790631.9,North,Middle,32503
1257,5,2.0,1035.4,3981.9,98106,429539.0,West,Low,6204
1258,4,2.0,947.4,6441.8,98178,444804.1,South,Middle,14332
1259,3,3.5,1353.0,5442.2,98118,919836.7,South,Middle,37815
1260,5,4.0,1715.8,6354.0,98106,656024.4,West,Middle,12391
1261,5,3.0,2293.3,4299.4,98144,937397.9,South,Middle,46869
1262,6,5.5,2773.9,3624.0,98108,898256.6,South,High,20959
1263,4,3.0,1450.7,1434.5,98103,679701.1,North,Middle,9817
1264,4,4.5,1597.0,1688.3,98112,1337933.9,East,Middle,25272
1265,3,2.0,365.5,8712.0,98199,958469.1,West,Low,18104
1266,3,3.0,1136.3,5119.4,98116,156686.4,West,Middle,2959
1267,4,3.5,1647.7,1558.5,98117,997536.1,North,High,49876
1268,6,4.0,1612.3,6665.3,98106,628383.8,West,Middle,11869
1269,5,3.0,1571.6,4915.9,98136,872414.1,West,Middle,35865
1270,5,6.5,3068.8,3420.3,98119,2012571.8,Central/Downtown,Middle,82739
1271,6,4.0,1574.6,4005.5,98118,644039.7,South,Middle,17889
1272,6,4.0,2001.3,8602.1,98168,546391.2,South,Middle,17605
1273,5,4.0,1679.4,3270.5,98115,811849.3,North,Middle,40592
1274,5,5.5,2900.6,3079.2,98122,2442964.5,East,Middle,46144
1275,4,4.0,1709.9,7465.2,98125,609337.2,North,Low,16926
1276,3,2.0,1259.9,6487.7,98115,790695.9,North,Middle,11421
1277,5,4.0,1609.6,3210.8,98199,1187704.1,West,Middle,38270
1278,5,3.0,1384.6,1006.7,98107,849768.3,North,Low,34934
1279,5,5.0,2215.0,5679.4,98199,1335943.8,West,Low,43047
1280,2,2.0,784.6,21780.0,98121,449391.6,Central/Downtown,Low,4493
1281,5,5.5,2672.7,7002.7,98125,1312378.4,North,Middle,30622
1282,6,5.0,2202.4,4992.6,98118,777590.3,South,Low,28511
1283,6,2.0,2395.6,13068.0,98178,714547.5,South,Middle,13497
1284,5,2.0,1709.0,5415.2,98119,873994.7,Central/Downtown,Low,43699
1285,6,5.5,2373.7,3284.8,98118,834900.3,South,Low,23191
1286,6,5.5,1911.7,1806.1,98116,1137649.4,West,Middle,56882
1287,6,5.5,3711.2,5690.3,98112,2806299.1,East,Low,102897
1288,6,4.0,2116.4,8712.0,98168,579276.3,South,Low,26389
1289,6,4.0,2504.5,4152.8,98105,1520215.2,East,Low,62497
1290,7,4.0,2658.9,2758.9,98103,1119498.8,North,Middle,55974
1291,3,3.0,1398.2,1649.3,98115,838241.9,North,Middle,38186
1292,4,4.5,2611.3,4111.3,98126,1591523.8,West,Middle,22988
1293,7,6.5,3304.6,4747.2,98117,1954957.6,North,High,89059
1294,5,2.0,1199.3,3360.6,98109,976257.7,East,Middle,18440
1295,3,3.0,769.3,7527.9,98118,632678.2,South,Middle,17574
1296,6,8.0,6776.2,4546.9,98103,1713572.8,North,Middle,32367
1297,4,4.5,803.7,1594.9,98115,662471.6,North,High,24290
1298,4,3.5,1966.7,4855.3,98122,1271530.8,East,Middle,18366
1299,4,3.0,1133.0,530.9,98117,640021.1,North,Middle,26311
1300,4,3.0,1662.2,7877.2,98115,1029316.8,North,Low,24017
1301,6,5.0,1652.2,5344.4,98116,1010471.8,West,Low,19086
1302,5,3.0,1152.2,5553.2,98126,616991.8,West,Low,25365
1303,4,2.5,704.3,802.5,98116,511835.0,West,Middle,9667
1304,5,3.0,1691.1,4937.7,98199,942420.7,West,Low,47121
1305,2,3.0,638.4,169884.0,98115,280783.5,North,Middle,12791
1306,5,4.5,1273.1,1379.2,98126,488249.5,West,Middle,9222
1307,3,3.0,1601.4,6270.6,98106,591672.6,West,Middle,26953
1308,4,4.0,1571.7,4661.9,98106,667228.4,West,Low,12603
1309,4,5.5,1226.1,1199.2,98103,675510.7,North,Middle,21766
1310,5,2.0,874.5,8015.0,98177,580366.8,North,Low,23859
1311,7,3.0,2086.3,7747.2,98122,856683.6,East,Middle,42834
1312,6,5.5,2706.5,3628.6,98103,1879651.8,North,High,18796
1313,6,4.0,2234.6,4488.2,98103,1661767.1,North,High,75702
1314,5,5.0,1308.7,5967.1,98115,918290.9,North,Middle,25508
1315,4,4.5,1414.1,2657.4,98108,782456.5,South,Middle,28690
1316,3,4.0,1163.5,730.9,98122,746297.9,East,Middle,7462
1317,6,5.0,3104.7,6889.0,98144,1793025.1,South,Middle,81682
1318,5,2.0,1134.7,5469.5,98118,561827.4,South,Middle,5618
1319,5,3.0,1099.9,882.5,98144,731202.1,South,Low,7312
1320,4,3.0,1255.5,7961.1,98125,833760.1,North,Middle,8337
1321,3,4.0,1183.5,1908.4,98125,590738.8,North,Middle,19034
1322,5,4.0,2609.3,5543.1,98177,905287.5,North,Low,33193
1323,3,2.0,646.7,5902.3,98126,460572.9,West,Low,4605
1324,4,5.5,1161.8,1125.9,98116,629170.9,West,Middle,6291
1325,6,5.0,2783.5,3917.1,98126,1217364.2,West,Middle,44636
1326,3,4.0,1138.9,1027.1,98115,700181.2,North,Low,25673
1327,5,3.0,1415.0,3750.3,98115,688287.5,North,Middle,31355
1328,4,2.0,935.2,13068.0,98146,468077.5,South,Low,10921
1329,4,3.5,1527.1,156816.0,98126,590098.5,West,Middle,11146
1330,3,3.0,1068.5,4417.0,98107,724321.9,North,High,23339
1331,5,5.5,2617.0,5724.8,98199,1598218.8,West,Middle,72807
1332,4,3.5,2846.0,4005.7,98112,2383432.5,East,Middle,55613
1333,6,5.5,2268.7,2754.0,98103,1719769.4,North,Low,55414
1334,4,3.5,2633.0,9028.9,98133,922990.7,North,Middle,13332
1335,7,4.0,3266.1,3668.3,98109,1951038.6,East,Middle,71538
1336,4,4.5,1203.3,912.6,98107,811109.1,North,Middle,29740
1337,5,4.5,2345.8,6810.3,98125,1087711.9,North,Low,10877
1338,4,5.5,1460.2,1289.2,98144,911159.7,South,Low,17210
1339,4,4.0,2091.2,5650.0,98199,1305253.9,West,Low,30455
1340,6,5.0,2146.2,2654.5,98103,1192390.0,North,High,27822
1341,6,4.0,1611.1,4752.0,98117,1110071.0,North,High,30835
1342,5,3.0,2172.5,7689.4,98105,1943710.0,East,Middle,97185
1343,7,4.0,1711.4,7797.5,98118,853001.3,South,Low,23694
1344,6,4.5,2842.6,5618.2,98105,1566945.7,East,Low,71383
1345,6,8.5,6011.7,6337.3,98115,3070849.0,North,Low,58004
1346,3,3.0,733.0,5079.2,98115,586461.4,North,Low,16290
1347,2,3.0,753.7,13068.0,98121,536959.1,Central/Downtown,Middle,24461
1348,5,4.0,1525.4,1426.8,98125,635712.4,North,Middle,28960
1349,3,2.0,1183.5,1810.9,98144,675116.2,South,Middle,12752
1350,4,2.5,1149.8,4628.8,98117,803749.7,North,Low,40187
1351,5,4.0,2000.4,2254.7,98108,728968.5,South,Middle,29968
1352,4,3.0,822.0,846.8,98116,603683.0,West,Middle,6036
1353,6,4.0,2366.1,5407.0,98105,1242755.9,East,Low,56614
1354,6,3.5,1738.1,2508.2,98144,902876.6,South,Middle,33105
1355,3,4.5,970.2,1327.6,98136,649915.7,West,Low,15164
1356,2,3.0,471.0,52272.0,98109,359011.3,East,Low,11568
1357,5,4.5,1545.6,1157.7,98144,748791.4,South,Middle,30783
1358,6,4.0,1686.4,7555.4,98126,790867.6,West,Middle,36028
1359,6,5.0,1700.2,8712.0,98125,867631.9,North,High,39525
1360,3,3.0,1425.9,993.4,98126,676060.7,West,Low,33803
1361,5,3.0,2211.6,2551.2,98103,957452.7,North,Low,35106
1362,5,4.0,2680.8,4913.4,98103,1350101.6,North,Low,25501
1363,5,3.0,1582.5,1079.8,98103,1114262.3,North,Low,25999
1364,4,3.0,1379.1,1214.1,98117,758287.5,North,Middle,7582
1365,7,5.5,5100.4,8712.0,98144,2795868.4,South,High,40384
1366,6,4.0,2099.8,5525.5,98115,1146573.2,North,Low,57328
1367,5,2.5,992.6,6192.7,98178,503254.5,South,Middle,16215
1368,4,3.0,1090.5,7161.0,98118,558891.2,South,Middle,8072
1369,7,4.0,2532.0,4288.9,98109,1479670.5,East,Middle,27949
1370,6,5.5,3002.0,5300.9,98105,2599848.0,East,High,60663
1371,6,4.5,3442.1,4735.3,98199,2290223.9,West,Middle,73796
1372,5,5.5,1560.9,13068.0,98136,802266.5,West,Low,25850
1373,8,8.0,4387.9,4944.3,98112,1676088.3,East,Middle,39108
1374,4,5.5,1693.9,2160.2,98107,1077847.7,North,Middle,34730
1375,5,3.0,1170.6,5228.3,98117,647032.6,North,Low,15097
1376,3,2.0,1707.5,4100.2,98126,521151.6,West,Middle,12160
1377,2,2.5,1269.4,39204.0,98121,1177911.1,Central/Downtown,Low,11779
1378,6,3.5,3464.0,7313.5,98177,2071382.5,North,Middle,57538
1379,5,3.0,1047.5,5190.0,98106,552975.8,West,Middle,17818
1380,8,6.0,2970.5,6401.2,98105,3486240.3,East,Middle,174312
1381,5,4.0,2105.3,4290.5,98115,807111.0,North,Middle,36768
1382,4,2.0,1379.8,6391.1,98146,463885.9,South,Low,8762
1383,6,3.0,2488.2,4585.1,98144,1458643.0,South,Low,40517
1384,5,3.0,1847.0,3010.5,98103,824913.0,North,Low,19247
1385,7,5.0,2355.8,2437.1,98109,1705191.6,East,Middle,77680
1386,2,3.0,725.6,161172.0,98146,229283.6,South,Low,8407
1387,5,5.5,1443.2,1194.3,98144,865360.5,South,Middle,12499
1388,4,2.5,1493.1,3800.5,98117,892114.1,North,Middle,28745
1389,6,5.0,2243.5,7791.9,98199,1806724.5,West,Middle,42156
1390,6,6.0,3312.0,4112.1,98112,1987263.8,East,Middle,99363
1391,4,5.5,1809.9,1433.7,98103,970672.0,North,Middle,22649
1392,3,4.0,1513.8,370260.0,98115,616409.8,North,Middle,28080
1393,3,2.0,936.2,3911.7,98144,321933.1,South,Middle,10373
1394,3,3.0,1356.6,5404.6,98116,1191314.7,West,Low,33092
1395,4,4.0,1904.8,3844.3,98144,628268.0,South,Middle,11867
1396,6,4.5,2617.3,8840.2,98136,1436384.2,West,Middle,52667
1397,7,5.5,3113.6,4568.0,98115,1656925.4,North,High,38661
1398,3,2.5,2197.7,3885.9,98144,633466.1,South,Middle,17596
1399,5,4.0,1969.7,7315.3,98168,498138.4,South,Low,9409
1400,4,4.0,1070.5,1581.7,98115,704300.9,North,Low,10173
1401,5,3.5,931.0,5558.0,98125,687653.2,North,Low,34382
1402,3,3.0,969.2,1458.2,98144,577701.1,South,Middle,21182
1403,5,4.5,1692.6,4556.5,98103,991713.1,North,Middle,49585
1404,2,3.0,441.8,7633.0,98108,1235579.2,South,Middle,12355
1405,4,3.0,1469.9,943.1,98122,821668.7,East,Middle,26475
1406,7,4.0,2676.3,5876.2,98103,1092578.0,North,Middle,40061
1407,5,5.5,2351.1,4608.7,98122,1372029.5,East,Low,25916
1408,7,5.0,2101.0,6115.9,98168,712368.2,South,High,10289
1409,7,5.0,2283.7,2803.3,98117,1364791.9,North,Middle,62173
1410,5,4.0,2040.2,3953.1,98117,760740.8,North,High,17750
1411,3,3.0,692.7,7180.9,98126,519083.9,West,Middle,9804
1412,5,3.5,1911.2,4644.9,98116,1158675.2,West,Low,37335
1413,3,2.0,1672.1,2360.8,98105,24526519.3,East,Middle,1117319
1414,4,3.0,1067.8,728.9,98106,510815.0,West,Middle,9648
1415,5,4.0,1877.2,5359.8,98117,1586767.1,North,High,58181
1416,5,5.5,1075.4,1122.2,98103,564353.2,North,Middle,18184
1417,5,3.0,1108.3,39204.0,98107,765439.2,North,Low,7654
1418,3,3.0,745.1,6262.6,98146,411679.2,South,Middle,20583
1419,3,3.0,642.0,17424.0,98119,374974.3,Central/Downtown,High,15415
1420,4,4.5,1868.6,2346.3,98122,1104975.5,East,Low,15960
1421,6,5.5,3660.9,7408.4,98133,1669875.6,North,Middle,53807
1422,7,4.0,2666.1,7184.4,98117,1338735.7,North,Low,43137
1423,5,4.0,1410.1,4578.8,98116,729600.1,West,Middle,17024
1424,5,2.5,2578.4,3001.1,98119,792073.7,Central/Downtown,Middle,11441
1425,4,5.5,1611.3,1385.0,98103,941895.0,North,Low,47094
1426,5,2.0,1071.9,7929.9,98133,753996.9,North,Middle,10891
1427,5,4.0,2145.4,7918.9,98125,1033169.6,North,Middle,51658
1428,4,3.0,915.3,1991.2,98106,465317.6,West,Middle,8789
1429,3,4.0,996.0,13068.0,98102,665667.5,East,Low,9615
1430,5,4.0,1544.9,1133.9,98125,653114.5,North,Low,9433
1431,4,3.0,804.5,7458.2,98125,619407.0,North,Low,6194
1432,2,2.0,685.3,39204.0,98144,520638.8,South,Middle,9834
1433,5,3.5,1641.1,5678.3,98106,540170.2,West,Middle,27008
1434,5,4.0,2055.9,6737.1,98115,865985.9,North,Low,8659
1435,6,4.0,1886.9,5730.9,98103,855279.2,North,Low,27558
1436,4,3.0,1727.7,2269.6,98144,647480.1,South,Low,29496
1437,5,3.5,2705.2,5189.3,98112,1576501.0,East,Middle,64811
1438,6,5.5,2765.3,4826.1,98107,1443534.9,North,Middle,46513
1439,4,2.0,656.7,4214.1,98106,458125.5,West,Low,16797
1440,6,4.5,2031.4,4312.2,98136,976606.3,West,Middle,18447
1441,6,3.5,1764.2,9235.6,98133,721538.5,North,Middle,20042
1442,5,4.0,1418.0,5146.0,98144,1023032.3,South,Middle,28417
1443,5,3.0,2030.2,7458.5,98178,545248.5,South,Middle,19992
1444,3,4.0,974.5,8712.0,98103,643777.8,North,Middle,9299
1445,4,5.5,1348.7,1004.7,98115,796682.3,North,Middle,15048
1446,6,4.5,2170.6,2259.8,98115,950735.0,North,Low,17958
1447,6,5.0,2295.9,4378.9,98112,1356787.3,East,Middle,49748
1448,4,3.0,1449.0,2072.8,98106,581144.0,West,Low,10977
1449,5,3.5,965.6,4212.6,98122,753727.2,East,Low,17586
1450,6,4.0,1964.0,7430.0,98115,1073395.4,North,Middle,20275
1451,5,3.0,1650.2,5383.9,98136,658496.1,West,Middle,21218
1452,5,4.0,2011.6,4984.7,98126,693545.8,West,Middle,19265
1453,5,3.0,1884.4,7238.4,98146,421500.4,South,Middle,15455
1454,4,4.5,2769.2,4818.3,98109,1887026.5,East,Middle,77577
1455,4,2.5,844.9,43560.0,98103,766340.7,North,Middle,24693
1456,3,4.5,1099.1,1260.2,98103,792010.2,North,High,7920
1457,5,3.0,2189.8,6309.3,98116,918467.8,West,Middle,9184
1458,4,3.5,1464.6,1508.7,98102,839968.6,East,Middle,41998
1459,4,4.5,2379.9,8451.8,98146,857140.5,South,Middle,23809
1460,5,4.0,948.2,1791.3,98122,700250.2,East,Middle,22563
1461,4,3.0,631.2,13068.0,98168,342666.2,South,Middle,17133
1462,4,4.0,2080.0,4537.2,98106,776665.2,West,High,28477
1463,3,3.0,1403.0,13068.0,98105,1322786.5,East,Middle,13227
1464,5,3.0,2048.0,3631.3,98122,1280858.7,East,Middle,18501
1465,6,3.0,2102.2,2589.7,98103,868742.4,North,Middle,20270
1466,5,2.0,1883.5,8792.9,98117,657994.8,North,Low,15353
1467,5,5.0,1432.9,1016.0,98115,790120.3,North,Middle,11412
1468,3,2.5,1521.3,5444.9,98117,1000157.5,North,Low,45562
1469,6,4.0,2525.8,7974.6,98199,1042345.4,West,Low,15056
1470,4,3.5,2178.5,113256.0,98168,447566.2,South,Middle,16410
1471,8,4.5,4165.0,4954.2,98103,2856634.0,North,Middle,79350
1472,5,3.0,1546.1,2422.1,98117,805556.8,North,Middle,40277
1473,4,4.0,2788.9,4974.5,98199,1300414.2,West,Middle,36122
1474,8,5.0,2123.5,8385.6,98118,770670.5,South,Low,14557
1475,2,3.0,609.7,13068.0,98104,326960.8,Central/Downtown,Middle,14894
1476,5,5.5,4242.1,6643.8,98136,1897905.9,West,Low,44284
1477,2,5.0,1629.5,5406.6,98118,741104.4,South,High,33761
1478,5,4.0,1549.9,1371.0,98117,843030.2,North,Middle,15923
1479,5,4.5,2018.6,3207.5,98136,1108768.0,West,Middle,30799
1480,4,3.0,983.1,13068.0,98105,559811.0,East,Middle,23014
1481,4,3.0,2062.9,3432.6,98119,1260037.1,Central/Downtown,Middle,18200
1482,6,4.0,1847.8,4912.5,98118,650579.0,South,Low,15180
1483,3,3.0,687.1,8085.2,98115,707560.7,North,Middle,29088
1484,4,2.0,706.7,6729.3,98146,385362.6,South,Middle,10704
1485,6,4.0,2798.9,2972.3,98106,1438353.4,West,Middle,39954
1486,3,3.5,2007.5,2378.2,98103,1086374.5,North,Middle,35005
1487,6,3.0,1472.2,8024.4,98118,616941.2,South,Low,6169
1488,4,2.0,804.7,5718.0,98118,569240.1,South,Low,23402
1489,4,3.5,1808.8,7477.7,98136,1015754.3,West,Middle,50787
1490,4,3.0,940.4,2814.4,98118,807878.2,South,Middle,33212
1491,4,4.0,1345.9,1274.8,98107,910432.5,North,Low,41475
1492,4,2.0,901.4,2135.8,98144,553164.7,South,Low,5531
1493,4,3.0,926.6,2408.8,98125,518798.3,North,Middle,5187
1494,3,3.0,921.5,3394.2,98106,478762.1,West,Middle,6915
1495,5,3.5,2225.8,5179.9,98117,862375.1,North,Middle,31620
1496,3,3.0,2234.6,4482.2,98102,1374660.1,East,Middle,25965
1497,6,5.0,2042.4,5840.3,98136,836394.2,West,Low,34385
1498,4,4.5,796.8,2605.9,98115,680562.6,North,Middle,31003
1499,5,7.0,1835.2,6421.5,98177,722042.1,North,Middle,13638
1500,4,3.0,1276.6,6319.8,98106,608212.7,West,Low,8785
1501,5,7.0,2238.5,6087.7,98117,1468028.2,North,Low,21204
1502,6,5.0,2605.2,4457.6,98122,1348786.6,East,Middle,49455
1503,4,5.5,2951.1,4701.9,98115,2021802.5,North,Middle,101090
1504,7,4.5,4817.7,5419.4,98126,1509985.2,West,Low,62077
1505,4,3.0,1419.0,1208.6,98122,892641.5,East,Middle,28762
1506,3,2.0,666.5,4948.8,98107,457790.9,North,Middle,6612
1507,5,5.0,2492.0,5408.7,98115,1099462.1,North,Low,50086
1508,4,3.0,1252.2,819.8,98103,878198.5,North,Middle,24394
1509,4,3.0,1217.4,1051.0,98199,835720.1,West,Middle,38071
1510,5,4.0,1923.8,6131.5,98117,817848.4,North,High,29987
1511,4,3.0,1523.1,1276.7,98108,611254.8,South,High,16979
1512,6,5.0,2752.3,6832.8,98118,698807.0,South,High,31834
1513,5,5.5,1511.2,43560.0,98133,769695.7,North,Middle,17959
1514,4,3.0,1072.3,529.2,98144,616896.4,South,Middle,14394
1515,4,4.0,1321.7,1020.4,98136,707136.6,West,Middle,13357
1516,4,4.0,1113.5,629.3,98107,655411.6,North,Middle,26944
1517,5,3.5,1183.1,991.9,98109,818204.0,East,Low,30000
1518,6,2.5,1900.8,6091.0,98199,825575.7,West,Low,22932
1519,5,2.5,3040.3,5020.6,98117,1197420.0,North,Middle,27939
1520,4,4.0,2668.6,30491.999999999996,98146,718543.7,South,Middle,16766
1521,5,5.0,2343.6,4775.7,98117,1512783.6,North,Low,62192
1522,3,4.0,745.7,13068.0,98107,440986.1,North,Middle,8329
1523,5,4.0,2411.9,3282.3,98109,1726671.8,East,Low,78659
1524,4,3.0,625.1,7880.3,98146,530374.7,South,Low,12375
1525,4,2.5,944.3,932.9,98117,628363.7,North,Middle,14661
1526,5,4.0,1516.4,4389.6,98115,770164.5,North,Low,24816
1527,2,3.0,734.4,5511.2,98116,715817.0,West,Low,35790
1528,5,3.0,3161.0,7627.0,98177,1836354.0,North,Middle,75494
1529,3,3.0,2210.5,6125.9,98105,1345484.3,East,Middle,61294
1530,7,5.0,3743.6,4091.4,98105,1557846.5,East,Low,64044
1531,3,3.0,898.3,4521.3,98108,434466.7,South,High,21723
1532,5,5.0,2644.4,4846.8,98105,1613093.2,East,Middle,16130
1533,6,4.5,1546.7,5704.9,98126,801413.8,West,Low,15137
1534,4,2.0,1176.4,4210.0,98116,609841.2,West,Low,16940
1535,4,3.5,1568.6,1316.5,98112,865464.2,East,Low,43273
1536,4,4.0,1470.0,1848.1,98126,587510.2,West,Low,8486
1537,5,3.0,1457.3,5657.4,98117,727946.4,North,Middle,13750
1538,6,4.0,2223.3,3411.3,98119,1223279.3,Central/Downtown,Middle,17669
1539,3,2.0,1086.2,1507.3,98122,646808.3,East,Middle,15092
1540,2,3.0,650.1,21780.0,98107,457128.2,North,Low,12698
1541,5,2.5,971.1,813.6,98117,556309.8,North,Low,8035
1542,5,4.0,2047.6,5206.3,98144,727130.6,South,Middle,10502
1543,2,2.0,650.9,17424.0,98119,367454.4,Central/Downtown,Middle,5307
1544,8,7.0,7306.6,7890.3,98103,2098768.5,North,Middle,67626
1545,5,6.5,3303.6,17424.0,98118,1458415.3,South,High,27547
1546,4,3.0,1549.0,3781.0,98117,620233.4,North,Middle,8958
1547,5,5.0,1530.4,3336.0,98117,884707.8,North,High,24575
1548,6,5.5,2542.1,4024.9,98108,1045113.1,South,Middle,24385
1549,5,4.0,1871.9,5566.5,98115,852033.0,North,Middle,12307
1550,3,3.0,907.4,30491.999999999996,98106,386432.0,West,Low,19321
1551,4,3.0,1326.1,8712.0,98112,840167.2,East,Low,27072
1552,3,2.5,922.3,39204.0,98144,679003.6,South,Middle,6790
1553,6,4.0,2632.5,5450.9,98126,1078036.0,West,Middle,53901
1554,7,4.0,1803.6,3785.4,98118,699873.0,South,High,28772
1555,4,4.5,3788.6,13068.0,98199,2259999.8,West,Middle,92911
1556,4,4.0,963.2,5848.5,98106,593531.7,West,Middle,16486
1557,7,5.0,3170.6,3731.2,98103,1180595.5,North,Low,17053
1558,5,3.0,981.1,6096.8,98178,533745.1,South,Middle,17198
1559,5,3.0,1172.9,6954.6,98117,1024127.3,North,Middle,46654
1560,5,3.0,1292.4,39204.0,98103,1022339.4,North,Middle,23854
1561,4,4.5,1776.0,3045.0,98115,936718.1,North,Middle,42672
1562,5,5.5,3002.8,6620.6,98126,1274870.6,West,Low,18414
1563,4,3.0,1267.4,1034.7,98115,613778.6,North,Low,19777
1564,4,4.0,1277.7,814.2,98125,635417.1,North,Low,26122
1565,4,3.5,892.5,7504.4,98199,475286.3,West,High,4752
1566,4,3.5,1756.9,1052.8,98144,670995.0,South,Middle,18638
1567,6,4.0,2127.6,6224.2,98115,1119531.1,North,Low,55976
1568,5,4.0,1652.9,5400.2,98117,732487.6,North,Middle,33368
1569,10,5.5,3345.2,4072.4,98105,1365221.5,East,Low,31855
1570,4,4.5,1253.1,1990.5,98116,731697.8,West,Middle,23576
1571,5,4.0,1755.8,3750.1,98117,925694.4,North,Low,29827
1572,3,4.5,977.1,899.4,98117,636170.1,North,Middle,28981
1573,6,4.5,2915.6,4617.1,98103,1655872.2,North,Low,75434
1574,4,4.5,894.7,1445.4,98107,635324.8,North,Middle,12000
1575,5,3.0,971.0,3843.7,98117,792788.8,North,Middle,22021
1576,4,2.0,788.5,7326.9,98178,417801.5,South,High,11605
1577,5,4.0,1726.9,1073.6,98144,667917.7,South,Middle,27458
1578,4,3.5,1025.8,165528.0,98126,504651.1,West,Low,5046
1579,5,4.0,1788.9,9618.1,98146,515265.5,South,Middle,7442
1580,4,2.0,1869.7,2089.0,98144,634259.9,South,Low,14799
1581,5,7.5,1637.5,1671.9,98105,803313.4,East,Middle,11603
1582,5,5.0,2241.2,2186.4,98117,847092.2,North,Middle,34824
1583,4,5.5,1182.6,1888.3,98106,539663.1,West,High,10193
1584,5,3.0,1441.6,5453.6,98103,1234944.4,North,High,17838
1585,5,4.5,1589.1,39204.0,98126,639616.6,West,Middle,6396
1586,5,2.0,1175.0,5589.3,98116,647410.9,West,Middle,23738
1587,5,3.5,1455.2,8264.5,98178,514415.4,South,Low,7430
1588,5,3.0,1481.8,2162.5,98116,847017.8,West,High,12234
1589,5,2.0,1232.8,5944.6,98168,482278.0,South,Middle,4822
1590,4,2.0,1164.3,1726.2,98103,579387.4,North,Low,5793
1591,4,4.5,1754.7,783.8,98117,847117.8,North,Low,8471
1592,4,4.5,1599.3,1358.9,98102,916751.7,East,Low,17316
1593,4,3.0,1151.9,4538.2,98118,478342.0,South,Middle,15413
1594,5,3.5,1292.2,1328.8,98125,639273.6,North,Low,6392
1595,3,3.5,985.8,1419.4,98103,772026.9,North,Low,35170
1596,4,2.0,1699.6,6862.0,98125,1012262.6,North,Middle,37116
1597,4,3.0,1680.5,3917.9,98115,889639.4,North,High,40528
1598,6,4.5,3584.4,5311.4,98119,1927766.8,Central/Downtown,Middle,19277
1599,6,4.5,3016.1,5782.3,98144,1898030.5,South,Low,52723
1600,5,3.5,2032.8,7442.8,98106,842194.6,West,Middle,42109
1601,5,3.0,1638.1,1361.1,98103,878287.9,North,Low,28300
1602,7,3.5,4348.2,7454.9,98112,3059633.7,East,Low,57793
1603,4,2.0,1767.3,8712.0,98178,498769.5,South,High,9421
1604,5,4.0,2001.3,5820.1,98117,1265866.9,North,Middle,23910
1605,3,2.0,593.6,13068.0,98101,383102.5,Central/Downtown,Middle,19155
1606,7,8.0,1689.3,7565.2,98168,664136.0,South,Low,12544
1607,5,3.0,2442.0,8604.3,98115,1289693.7,North,Low,35824
1608,6,4.0,2796.0,5869.9,98116,935746.6,West,Middle,30151
1609,4,4.0,2561.4,17424.0,98178,671186.8,South,Low,12677
1610,6,6.0,1853.0,5502.1,98144,646995.6,South,Middle,32349
1611,4,4.5,1595.0,1369.5,98122,735210.2,East,Middle,33492
1612,7,5.5,5410.8,6617.8,98119,3666641.9,Central/Downtown,Middle,69258
1613,4,2.0,641.0,3848.4,98117,720446.6,North,Low,26416
1614,3,4.0,1215.7,3853.7,98117,693643.4,North,Low,13102
1615,6,4.0,1609.5,3860.1,98115,1350740.9,North,Low,25513
1616,6,4.5,1756.6,1586.6,98136,812501.4,West,Low,33402
1617,3,3.0,766.0,1148.0,98144,699108.1,South,Middle,34955
1618,5,4.0,1897.0,7341.3,98136,798058.5,West,Middle,11527
1619,7,5.0,2523.0,8584.6,98125,1380936.5,North,Low,19946
1620,5,4.5,2077.5,2376.4,98144,1622189.5,South,Middle,81109
1621,4,2.0,727.9,6065.1,98125,613699.5,North,Middle,8864
1622,3,3.0,1044.4,2291.3,98107,671926.4,North,Middle,21650
1623,5,4.0,2296.4,4809.3,98103,1010633.9,North,Middle,32564
1624,6,5.5,4533.3,8712.0,98122,2414851.1,East,Middle,45613
1625,5,5.0,1694.6,6995.5,98125,745018.1,North,Middle,7450
1626,5,5.5,2696.0,4060.4,98103,1649475.4,North,Middle,45818
1627,3,4.0,1306.0,13068.0,98109,816777.9,East,Middle,19058
1628,4,4.0,1081.8,7095.1,98178,530477.4,South,Middle,10020
1629,5,4.0,2322.3,4577.8,98103,1475134.9,North,Low,27863
1630,5,4.0,1524.0,4411.8,98107,848613.8,North,Middle,42430
1631,5,4.5,2232.9,2827.4,98115,1698658.5,North,Middle,39635
1632,4,4.0,1177.0,2826.3,98144,705494.3,South,Middle,7054
1633,3,3.5,784.5,1120.0,98144,583712.8,South,Middle,13619
1634,3,3.0,996.1,643.4,98107,682837.6,North,Low,18967
1635,5,4.5,2551.7,2941.4,98122,1079616.6,East,Middle,25191
1636,5,4.0,1512.9,1603.3,98103,864737.9,North,Low,35550
1637,5,5.0,1545.1,1245.1,98103,940856.7,North,Middle,26134
1638,5,3.0,1685.0,4178.2,98118,577698.3,South,High,8344
1639,7,4.5,3772.4,3550.8,98119,2651443.5,Central/Downtown,Middle,38298
1640,2,3.0,812.4,52272.0,98112,701639.2,East,Middle,28845
1641,4,5.0,1761.3,6735.0,98109,1228033.0,East,Low,12280
1642,7,4.0,1874.1,5476.0,98119,866484.1,Central/Downtown,High,39473
1643,5,2.5,1185.7,3863.2,98144,724405.3,South,High,23341
1644,5,3.0,1550.1,4509.9,98116,876813.9,West,Middle,28252
1645,4,5.5,1332.1,1138.1,98117,691014.2,North,High,28408
1646,5,3.0,1127.1,1304.9,98103,815779.6,North,Middle,11783
1647,5,4.0,1882.0,4820.4,98116,1049134.2,West,Low,33805
1648,5,3.0,3308.6,4837.7,98144,1128192.5,South,Middle,21310
1649,5,2.5,2002.6,4707.1,98117,787405.2,North,Middle,14873
1650,3,4.5,1156.0,1013.2,98117,590049.7,North,Low,8522
1651,4,3.0,1624.1,4719.5,98103,867939.3,North,Middle,31824
1652,6,4.0,1507.5,5537.6,98118,523290.8,South,Middle,7558
1653,3,2.5,840.9,1094.0,98122,693212.0,East,High,19255
1654,5,4.5,4767.7,8712.0,98112,4612518.5,East,Middle,230625
1655,4,4.0,1706.5,1057.7,98125,661564.4,North,Middle,21317
1656,4,6.0,1451.8,1006.8,98144,802755.2,South,Middle,33002
1657,5,3.5,2290.1,7340.1,98177,1791410.4,North,Middle,65685
1658,7,5.0,2386.5,7519.0,98144,876052.7,South,High,8760
1659,3,4.0,1160.4,1366.4,98115,682434.5,North,Low,25022
1660,6,6.0,2689.4,3658.4,98115,1205439.9,North,Middle,49556
1661,3,3.0,806.4,21780.0,98125,366502.9,North,Low,18325
1662,5,2.0,1074.6,7048.1,98178,648011.9,South,Middle,32400
1663,5,4.0,1408.5,1008.6,98117,840289.7,North,Low,27076
1664,5,4.5,1552.6,1346.8,98126,632834.6,West,Low,9140
1665,3,4.0,1383.3,13068.0,98199,656842.7,West,Low,24084
1666,5,3.0,1288.2,21780.0,98112,840958.1,East,Middle,19622
1667,5,4.0,2066.3,5752.6,98199,1039058.3,West,Middle,47334
1668,5,3.0,1591.7,3986.5,98133,609205.6,North,Middle,27752
